run_time,spot,expiration,strike,bid,ask,last,volume,open_interest,iv,delta,gamma,theta,vega
2026-07-23 13:45:17,697.77,2026-07-23,683.0,14.82,15.09,,,,0.4748,0.9551,0.0107,-0.185,0.0176
2026-07-23 13:45:17,697.77,2026-07-23,684.0,13.71,14.16,23.83,65,,0.4373,0.9569,0.01124,-0.165,0.0171
2026-07-23 13:45:17,697.77,2026-07-23,685.0,13.14,13.42,21,13,593,0.5457,0.8992,0.01736,-0.51,0.0329
2026-07-23 13:45:17,697.77,2026-07-23,686.0,12.04,12.31,21.25,2,1,0.4817,0.9085,0.01832,-0.405,0.0306
2026-07-23 13:45:17,697.77,2026-07-23,687.0,11.01,11.22,22.68,3,,0.4314,0.9129,0.01972,-0.345,0.0295
2026-07-23 13:45:17,697.77,2026-07-23,688.0,10.01,10.36,21.51,21,1,0.4227,0.8957,0.02297,-0.415,0.0337
2026-07-23 13:45:17,697.77,2026-07-23,689.0,9.38,9.46,17.5,1,,0.4511,0.8551,0.0271,-0.65,0.0424
2026-07-23 13:45:17,697.77,2026-07-23,690.0,8.56,8.61,8.64,1043,560,0.4517,0.8256,0.03056,-0.815,0.0479
2026-07-23 13:45:17,697.77,2026-07-23,691.0,7.55,7.58,15.91,4,594,0.4102,0.8155,0.03487,-0.795,0.0496
2026-07-23 13:45:17,697.77,2026-07-23,692.0,6.79,6.97,7.07,61,146,0.4297,0.768,0.03812,-1.11,0.0568
2026-07-23 13:45:17,697.77,2026-07-23,693.0,6.06,6.12,6.4,121,184,0.4223,0.7313,0.04193,-1.32,0.0615
2026-07-23 13:45:17,697.77,2026-07-23,694.0,5.38,5.42,5.21,679,191,0.4247,0.6866,0.0448,-1.63,0.066
2026-07-23 13:45:17,697.77,2026-07-23,695.0,4.56,4.73,4.56,888,484,0.4109,0.6446,0.04865,-1.875,0.0694
2026-07-23 13:45:17,697.77,2026-07-23,696.0,4.01,4.08,4.1,304,256,0.4131,0.5943,0.05038,-2.275,0.0722
2026-07-23 13:45:17,697.77,2026-07-23,697.0,3.39,3.46,3.38,342,443,0.4056,0.5439,0.05248,-2.655,0.0739
2026-07-23 13:45:17,697.77,2026-07-23,698.0,2.79,2.83,3.04,195,690,0.3919,0.4907,0.05463,-2.81,0.0743
2026-07-23 13:45:17,697.77,2026-07-23,699.0,2.3,2.39,2.46,146,1174,0.3911,0.4362,0.05405,-2.345,0.0734
2026-07-23 13:45:17,697.77,2026-07-23,700.0,1.85,1.87,1.86,420,935,0.3799,0.3796,0.05378,-1.86,0.0709
2026-07-23 13:45:17,697.77,2026-07-23,701.0,1.52,1.53,1.48,170,1288,0.3821,0.3283,0.05077,-1.525,0.0673
2026-07-23 13:45:17,697.77,2026-07-23,702.0,1.16,1.17,1.15,101,577,0.3724,0.2743,0.04803,-1.165,0.0621
2026-07-23 13:45:17,697.77,2026-07-23,703.0,0.88,0.89,1.03,436,951,0.3667,0.2253,0.04392,-0.885,0.0559
2026-07-23 13:45:17,697.77,2026-07-23,704.0,0.67,0.68,0.76,112,606,0.365,0.183,0.03899,-0.675,0.0494
2026-07-23 13:45:17,697.77,2026-07-23,705.0,0.52,0.54,0.49,189,912,0.369,0.1496,0.03385,-0.53,0.0434
2026-07-23 13:45:17,697.77,2026-07-23,706.0,0.39,0.4,0.39,232,829,0.3681,0.118,0.02883,-0.395,0.0368
2026-07-23 13:45:17,697.77,2026-07-23,707.0,0.24,0.25,0.25,317,999,0.3521,0.0823,0.02315,-0.245,0.0283
2026-07-23 13:45:17,697.77,2026-07-23,708.0,0.17,0.18,0.17,1383,647,0.3522,0.0618,0.01858,-0.175,0.0227
2026-07-23 13:45:17,697.77,2026-07-23,709.0,0.11,0.16,0.12,109,749,0.359,0.0487,0.0151,-0.135,0.0188
2026-07-23 13:45:17,697.77,2026-07-23,710.0,0.07,0.08,0.12,429,2757,0.3451,0.0302,0.01064,-0.075,0.0127
2026-07-23 13:45:17,697.77,2026-07-23,711.0,0.09,0.1,0.09,48,734,0.3834,0.0339,0.01053,-0.095,0.014
2026-07-23 13:45:17,697.77,2026-07-23,712.0,0.07,0.08,0.08,97,833,0.391,0.0271,0.00857,-0.075,0.0116
2026-07-23 13:50:18,695.63,2026-07-23,681.0,14.33,14.85,14.95,23,,,,,,
2026-07-23 13:50:18,695.63,2026-07-23,682.0,13.87,14.28,14.54,19,,0.5572,0.9112,0.01563,-0.445,0.0296
2026-07-23 13:50:18,695.63,2026-07-23,683.0,12.91,13.17,13.24,27,,0.5147,0.9117,0.01686,-0.41,0.0295
2026-07-23 13:50:18,695.63,2026-07-23,684.0,11.78,12.11,12.08,13,,0.4509,0.922,0.01754,-0.315,0.0269
2026-07-23 13:50:18,695.63,2026-07-23,685.0,11.18,11.19,11.21,112,593,0.4949,0.8814,0.02173,-0.555,0.0366
2026-07-23 13:50:18,695.63,2026-07-23,686.0,10.16,10.39,11.58,29,1,0.4844,0.863,0.02454,-0.645,0.0405
2026-07-23 13:50:18,695.63,2026-07-23,687.0,9.16,9.24,9.33,117,,0.4313,0.8643,0.02739,-0.57,0.0402
2026-07-23 13:50:18,695.63,2026-07-23,688.0,8.36,8.42,8.79,68,1,0.4394,0.8302,0.0312,-0.76,0.0466
2026-07-23 13:50:18,695.63,2026-07-23,689.0,7.44,7.62,7.74,39,,0.4298,0.8019,0.0351,-0.9,0.0514
2026-07-23 13:50:18,695.63,2026-07-23,690.0,6.71,6.99,7.11,1656,560,0.4473,0.756,0.03801,-1.22,0.0579
2026-07-23 13:50:18,695.63,2026-07-23,691.0,6.04,6.1,6.13,343,594,0.4397,0.7194,0.04154,-1.44,0.0622
2026-07-23 13:50:18,695.63,2026-07-23,692.0,5.26,5.31,5.57,751,146,0.4259,0.6814,0.04543,-1.655,0.0659
2026-07-23 13:50:18,695.63,2026-07-23,693.0,4.62,4.72,4.6,2281,184,0.4315,0.6328,0.04731,-2.04,0.0695
2026-07-23 13:50:18,695.63,2026-07-23,694.0,4.05,4.08,4.08,5169,191,0.4314,0.5845,0.049,-2.435,0.0719
2026-07-23 13:50:18,695.63,2026-07-23,695.0,3.48,3.53,3.53,8756,484,0.4308,0.5349,0.05001,-2.875,0.0733
2026-07-23 13:50:18,695.63,2026-07-23,696.0,2.87,2.89,2.89,8378,256,0.4145,0.484,0.05213,-2.88,0.0735
2026-07-23 13:50:18,695.63,2026-07-23,697.0,2.39,2.46,2.46,4451,443,0.4143,0.4322,0.05144,-2.425,0.0725
2026-07-23 13:50:18,695.63,2026-07-23,698.0,1.99,2.009,2.009,3248,690,0.411,0.3806,0.05024,-1.9995,0.0703
2026-07-23 13:50:18,695.63,2026-07-23,699.0,1.56,1.59,1.59,2811,1174,0.4002,0.3274,0.0489,-1.575,0.0666
2026-07-23 13:50:18,695.63,2026-07-23,700.0,1.24,1.25,1.25,8850,935,0.3953,0.2779,0.04599,-1.245,0.0619
2026-07-23 13:50:18,695.63,2026-07-23,701.0,0.95,0.96,0.96,2796,1288,0.3886,0.2302,0.04238,-0.955,0.0561
2026-07-23 13:50:18,695.63,2026-07-23,702.0,0.73,0.78,0.78,3438,577,0.39,0.1913,0.03787,-0.755,0.0503
2026-07-23 13:50:18,695.63,2026-07-23,703.0,0.54,0.59,0.59,12443,951,0.3856,0.1533,0.03325,-0.565,0.0436
2026-07-23 13:50:18,695.63,2026-07-23,704.0,0.39,0.44,0.44,2164,606,0.3816,0.1203,0.02846,-0.415,0.037
2026-07-23 13:50:18,695.63,2026-07-23,705.0,0.31,0.32,0.32,3737,912,0.3833,0.0954,0.02398,-0.315,0.0313
2026-07-23 13:50:18,695.63,2026-07-23,706.0,0.23,0.24,0.24,1565,829,0.3843,0.0744,0.01984,-0.235,0.026
2026-07-23 13:50:18,695.63,2026-07-23,707.0,0.17,0.18,0.18,1189,999,0.3862,0.0576,0.0162,-0.175,0.0213
2026-07-23 13:50:18,695.63,2026-07-23,708.0,0.08,0.09,0.09,2178,647,0.3594,0.0328,0.01105,-0.085,0.0135
2026-07-23 13:50:18,695.63,2026-07-23,709.0,0.05,0.1,0.1,1300,749,0.375,0.0283,0.00937,-0.075,0.012
2026-07-23 13:50:18,695.63,2026-07-23,710.0,0.03,0.04,0.09,2883,2757,0.3545,0.0151,0.00583,-0.035,0.007
2026-07-23 13:55:19,697.41,2026-07-23,683.0,14.27,14.38,13.45,48,,,,,,
2026-07-23 13:55:19,697.41,2026-07-23,684.0,13.36,13.63,13.5,53,,0.3765,0.9753,0.00836,-0.085,0.0106
2026-07-23 13:55:19,697.41,2026-07-23,685.0,12.34,12.92,12.5,321,593,0.4359,0.942,0.01448,-0.22,0.0213
2026-07-23 13:55:19,697.41,2026-07-23,686.0,11.75,11.97,11.66,94,1,0.4918,0.9001,0.01941,-0.45,0.0322
2026-07-23 13:55:19,697.41,2026-07-23,687.0,10.55,10.9,10.71,220,,0.4163,0.9162,0.02014,-0.315,0.0283
2026-07-23 13:55:19,697.41,2026-07-23,688.0,9.54,9.68,9.65,128,1,0.3425,0.9349,0.02017,-0.2,0.0233
2026-07-23 13:55:19,697.41,2026-07-23,689.0,8.93,8.96,8.98,78,,0.4169,0.8672,0.02804,-0.535,0.0394
2026-07-23 13:55:19,697.41,2026-07-23,690.0,7.89,7.9,8.29,1793,560,0.3699,0.8652,0.03191,-0.485,0.0398
2026-07-23 13:55:19,697.41,2026-07-23,691.0,7.22,7.28,7.34,482,594,0.4113,0.8053,0.03646,-0.84,0.0506
2026-07-23 13:55:19,697.41,2026-07-23,692.0,6.35,6.39,6.5,1161,146,0.3938,0.776,0.04135,-0.96,0.055
2026-07-23 13:55:19,697.41,2026-07-23,693.0,5.6,5.71,5.72,3275,184,0.3998,0.7292,0.04509,-1.245,0.0608
2026-07-23 13:55:19,697.41,2026-07-23,694.0,4.98,5.02,4.98,6404,191,0.407,0.6792,0.04788,-1.59,0.0658
2026-07-23 13:55:19,697.41,2026-07-23,695.0,4.22,4.31,4.29,13343,484,0.3948,0.6334,0.0519,-1.855,0.0691
2026-07-23 13:55:19,697.41,2026-07-23,696.0,3.7,3.71,3.71,15258,256,0.4008,0.5792,0.05311,-2.295,0.0718
2026-07-23 13:55:19,697.41,2026-07-23,697.0,3.01,3.05,3.13,13508,443,0.3835,0.5264,0.05651,-2.62,0.0731
2026-07-23 13:55:19,697.41,2026-07-23,698.0,2.5,2.59,2.59,7495,690,0.3847,0.4699,0.05629,-2.545,0.0731
2026-07-23 13:55:19,697.41,2026-07-23,699.0,2.05,2.11,2.1,6195,1174,0.3809,0.4133,0.05566,-2.08,0.0715
2026-07-23 13:55:19,697.41,2026-07-23,700.0,1.64,1.69,1.69,19446,935,0.3761,0.3571,0.05399,-1.665,0.0685
2026-07-23 13:55:19,697.41,2026-07-23,701.0,1.3,1.36,1.36,4812,1288,0.3749,0.3043,0.05081,-1.33,0.0643
2026-07-23 13:55:19,697.41,2026-07-23,702.0,1.03,1.04,1.04,6172,577,0.3717,0.254,0.04692,-1.035,0.0589
2026-07-23 13:55:19,697.41,2026-07-23,703.0,0.79,0.8,0.8,16142,951,0.3696,0.2083,0.04225,-0.795,0.0527
2026-07-23 13:55:19,697.41,2026-07-23,704.0,0.55,0.6,0.61,3955,606,0.3621,0.164,0.03717,-0.575,0.0454
2026-07-23 13:55:19,697.41,2026-07-23,705.0,0.39,0.44,0.46,6346,912,0.358,0.1271,0.03167,-0.415,0.0383
2026-07-23 13:55:19,697.41,2026-07-23,706.0,0.32,0.33,0.29,3507,829,0.3644,0.1025,0.02669,-0.325,0.0328
2026-07-23 13:55:19,697.41,2026-07-23,707.0,0.19,0.2,0.24,2046,999,0.3482,0.0693,0.02083,-0.195,0.0245
2026-07-23 13:55:19,697.41,2026-07-23,708.0,0.17,0.18,0.18,3273,647,0.367,0.0604,0.01777,-0.175,0.022
2026-07-23 13:55:19,697.41,2026-07-23,709.0,0.12,0.13,0.13,2195,749,0.3677,0.0452,0.01407,-0.125,0.0175
2026-07-23 13:55:19,697.41,2026-07-23,710.0,0.09,0.1,0.1,3726,2757,0.3735,0.0351,0.01129,-0.095,0.0142
2026-07-23 13:55:19,697.41,2026-07-23,711.0,0.03,0.04,0.07,708,734,0.3395,0.0158,0.00634,-0.035,0.0073
2026-07-23 13:55:19,697.41,2026-07-23,712.0,0.05,0.06,0.02,1641,833,0.3854,0.0211,0.00715,-0.055,0.0093
2026-07-23 14:00:20,695.3,2026-07-23,681.0,14.56,14.89,14.84,46,,0.5791,0.9164,0.01459,-0.425,0.028
2026-07-23 14:00:20,695.3,2026-07-23,682.0,13.67,13.98,14.54,19,,0.5811,0.8998,0.01663,-0.525,0.032
2026-07-23 14:00:20,695.3,2026-07-23,683.0,12.35,12.89,13.45,48,,0.4796,0.9238,0.01642,-0.32,0.0261
2026-07-23 14:00:20,695.3,2026-07-23,684.0,11.32,11.71,10.82,58,,0.4067,0.9392,0.01627,-0.215,0.0219
2026-07-23 14:00:20,695.3,2026-07-23,685.0,10.64,10.89,10.63,355,593,0.4655,0.8914,0.022,-0.465,0.0339
2026-07-23 14:00:20,695.3,2026-07-23,686.0,9.69,9.92,9.82,105,1,0.4436,0.8788,0.02497,-0.505,0.0366
2026-07-23 14:00:20,695.3,2026-07-23,687.0,8.96,8.97,8.83,496,,0.449,0.8487,0.02872,-0.665,0.0427
2026-07-23 14:00:20,695.3,2026-07-23,688.0,8.109,8.15,8.18,148,1,0.448,0.8183,0.03239,-0.8295,0.048
2026-07-23 14:00:20,695.3,2026-07-23,689.0,7.49,7.53,6.78,107,,0.4808,0.768,0.03489,-1.21,0.0555
2026-07-23 14:00:20,695.3,2026-07-23,690.0,6.54,6.6,6.5,1938,560,0.448,0.7458,0.03934,-1.27,0.0583
2026-07-23 14:00:20,695.3,2026-07-23,691.0,5.77,5.82,5.51,531,594,0.4394,0.7081,0.04296,-1.495,0.0624
2026-07-23 14:00:20,695.3,2026-07-23,692.0,5.05,5.21,5.07,1338,146,0.442,0.6627,0.04544,-1.83,0.0664
2026-07-23 14:00:20,695.3,2026-07-23,693.0,4.44,4.47,4.37,3622,184,0.4363,0.6174,0.04809,-2.155,0.0694
2026-07-23 14:00:20,695.3,2026-07-23,694.0,3.76,3.8,3.74,7207,191,0.4242,0.5702,0.05091,-2.48,0.0714
2026-07-23 14:00:20,695.3,2026-07-23,695.0,3.21,3.25,3.22,15172,484,0.4228,0.5188,0.05182,-2.93,0.0725
2026-07-23 14:00:20,695.3,2026-07-23,696.0,2.74,2.76,2.61,18540,256,0.424,0.4671,0.05156,-2.75,0.0723
2026-07-23 14:00:20,695.3,2026-07-23,697.0,2.1,2.12,2.12,20134,443,0.3953,0.4098,0.05406,-2.11,0.0707
2026-07-23 14:00:20,695.3,2026-07-23,698.0,1.83,1.84,1.84,15482,690,0.4106,0.3622,0.05019,-1.835,0.0682
2026-07-23 14:00:20,695.3,2026-07-23,699.0,1.42,1.43,1.43,12896,1174,0.3988,0.3083,0.04852,-1.425,0.064
2026-07-23 14:00:20,695.3,2026-07-23,700.0,1.11,1.17,1.07,30767,935,0.3981,0.2615,0.04492,-1.14,0.0592
2026-07-23 14:00:20,695.3,2026-07-23,701.0,0.87,0.89,0.89,8047,1288,0.3938,0.2163,0.04095,-0.88,0.0533
2026-07-23 14:00:20,695.3,2026-07-23,702.0,0.67,0.69,0.69,9688,577,0.3925,0.1772,0.0364,-0.68,0.0473
2026-07-23 14:00:20,695.3,2026-07-23,703.0,0.51,0.52,0.49,19638,951,0.3906,0.1423,0.03168,-0.515,0.0409
2026-07-23 14:00:20,695.3,2026-07-23,704.0,0.38,0.39,0.33,6256,606,0.3893,0.1125,0.02699,-0.385,0.0348
2026-07-23 14:00:20,695.3,2026-07-23,705.0,0.27,0.28,0.28,14780,912,0.3852,0.0858,0.02237,-0.275,0.0285
2026-07-23 14:00:20,695.3,2026-07-23,706.0,0.16,0.21,0.21,5770,829,0.3782,0.0623,0.01783,-0.185,0.0223
2026-07-23 14:00:20,695.3,2026-07-23,707.0,0.15,0.16,0.16,3193,999,0.3906,0.0521,0.01499,-0.155,0.0194
2026-07-23 14:00:20,695.3,2026-07-23,708.0,0.07,0.12,0.08,3860,647,0.3799,0.0349,0.01115,-0.095,0.014
2026-07-23 14:00:20,695.3,2026-07-23,709.0,0.05,0.1,0.06,2719,749,0.3881,0.0278,0.00905,-0.075,0.0116
2026-07-23 14:00:20,695.3,2026-07-23,710.0,0.03,0.08,0.08,5420,2757,0.3917,0.021,0.00708,-0.055,0.0092
2026-07-23 14:05:22,695.64,2026-07-23,681.0,14.4,15,14.54,96,,0.384,0.9838,0.00582,-0.06,0.0073
2026-07-23 14:05:22,695.64,2026-07-23,682.0,13.83,13.93,14.54,19,,0.4879,0.9419,0.01317,-0.24,0.021
2026-07-23 14:05:22,695.64,2026-07-23,683.0,12.82,13.08,13.45,53,,0.4891,0.9267,0.01573,-0.31,0.0251
2026-07-23 14:05:22,695.64,2026-07-23,684.0,11.72,12.15,11.71,60,,0.4533,0.9253,0.01723,-0.295,0.0255
2026-07-23 14:05:22,695.64,2026-07-23,685.0,10.65,11.21,11.1,360,593,0.4212,0.9217,0.01921,-0.29,0.0264
2026-07-23 14:05:22,695.64,2026-07-23,686.0,10.14,10.23,10.26,115,1,0.4691,0.8757,0.02419,-0.545,0.037
2026-07-23 14:05:22,695.64,2026-07-23,687.0,8.89,9.33,9.07,616,,0.4146,0.8787,0.0269,-0.47,0.0364
2026-07-23 14:05:22,695.64,2026-07-23,688.0,8.35,8.41,8.51,194,1,0.4447,0.8326,0.03119,-0.74,0.0453
2026-07-23 14:05:22,695.64,2026-07-23,689.0,7.49,7.56,7.62,174,,0.4364,0.8035,0.03512,-0.885,0.05
2026-07-23 14:05:22,695.64,2026-07-23,690.0,6.46,6.51,6.75,2114,560,0.3882,0.7925,0.04079,-0.845,0.0517
2026-07-23 14:05:22,695.64,2026-07-23,691.0,5.83,5.9,6.01,581,594,0.4136,0.736,0.04374,-1.225,0.0591
2026-07-23 14:05:22,695.64,2026-07-23,692.0,5.11,5.12,5.1,1426,146,0.4073,0.6928,0.04774,-1.475,0.0635
2026-07-23 14:05:22,695.64,2026-07-23,693.0,4.4,4.44,4.54,3885,184,0.4028,0.6448,0.05116,-1.78,0.0673
2026-07-23 14:05:22,695.64,2026-07-23,694.0,3.68,3.8,3.8,7611,191,0.3935,0.5944,0.05454,-2.1,0.0701
2026-07-23 14:05:22,695.64,2026-07-23,695.0,3.15,3.18,3.18,17043,484,0.3917,0.5392,0.05609,-2.525,0.0717
2026-07-23 14:05:22,695.64,2026-07-23,696.0,2.57,2.63,2.65,21473,256,0.3837,0.4824,0.05749,-2.6,0.072
2026-07-23 14:05:22,695.64,2026-07-23,697.0,2.16,2.18,2.11,24049,443,0.3865,0.426,0.05614,-2.17,0.0708
2026-07-23 14:05:22,695.64,2026-07-23,698.0,1.74,1.77,1.71,20075,690,0.3835,0.3699,0.05448,-1.755,0.0682
2026-07-23 14:05:22,695.64,2026-07-23,699.0,1.32,1.35,1.35,16297,1174,0.3709,0.3113,0.05273,-1.335,0.0639
2026-07-23 14:05:22,695.64,2026-07-23,700.0,1.03,1.09,1.07,38112,935,0.3722,0.2616,0.04838,-1.06,0.0588
2026-07-23 14:05:22,695.64,2026-07-23,701.0,0.78,0.79,0.83,10391,1288,0.3647,0.2111,0.04388,-0.785,0.0522
2026-07-23 14:05:22,695.64,2026-07-23,702.0,0.62,0.63,0.63,13922,577,0.3707,0.1743,0.03838,-0.625,0.0465
2026-07-23 14:05:22,695.64,2026-07-23,703.0,0.46,0.47,0.47,22357,951,0.3691,0.1379,0.03303,-0.465,0.0398
2026-07-23 14:05:22,695.64,2026-07-23,704.0,0.34,0.35,0.3,9038,606,0.3693,0.1079,0.0278,-0.345,0.0335
2026-07-23 14:05:22,695.64,2026-07-23,705.0,0.21,0.26,0.26,17794,912,0.3632,0.0794,0.02253,-0.235,0.0267
2026-07-23 14:05:22,695.64,2026-07-23,706.0,0.18,0.19,0.19,7358,829,0.3713,0.0636,0.01859,-0.185,0.0225
2026-07-23 14:05:22,695.64,2026-07-23,707.0,0.14,0.15,0.15,4152,999,0.379,0.0507,0.01524,-0.145,0.0189
2026-07-23 14:05:22,695.64,2026-07-23,708.0,0.1,0.11,0.11,4842,647,0.3809,0.0382,0.01206,-0.105,0.015
2026-07-23 14:05:22,695.64,2026-07-23,709.0,0.04,0.05,0.05,3158,749,0.3529,0.0194,0.00738,-0.045,0.0085
2026-07-23 14:05:22,695.64,2026-07-23,710.0,0.06,0.07,0.05,6026,2757,0.3969,0.0242,0.00793,-0.065,0.0103
2026-07-23 14:10:22,695.38,2026-07-23,681.0,14.07,14.41,15.15,97,,,,,,
2026-07-23 14:10:22,695.38,2026-07-23,682.0,13.19,13.49,12.28,29,,,,,,
2026-07-23 14:10:22,695.38,2026-07-23,683.0,12.12,12.5,12.84,64,,,,,,
2026-07-23 14:10:22,695.38,2026-07-23,684.0,11.04,11.34,11.32,110,,,,,,
2026-07-23 14:10:22,695.38,2026-07-23,685.0,10.43,10.44,10.64,373,593,0.2824,0.9809,0.0092,-0.055,0.0084
2026-07-23 14:10:22,695.38,2026-07-23,686.0,9.35,9.56,9.84,144,1,0.2783,0.9713,0.01316,-0.075,0.0118
2026-07-23 14:10:22,695.38,2026-07-23,687.0,8.63,8.71,9.21,648,,0.3545,0.9088,0.02578,-0.29,0.0294
2026-07-23 14:10:22,695.38,2026-07-23,688.0,7.61,7.71,8.61,196,1,0.3195,0.9036,0.02981,-0.28,0.0306
2026-07-23 14:10:22,695.38,2026-07-23,689.0,6.8,6.88,6.88,273,,0.3363,0.8578,0.0373,-0.46,0.0403
2026-07-23 14:10:22,695.38,2026-07-23,690.0,6.13,6.17,6.2,2295,560,0.3659,0.797,0.04305,-0.77,0.0507
2026-07-23 14:10:22,695.38,2026-07-23,691.0,5.37,5.38,5.71,793,594,0.3653,0.7513,0.04838,-0.995,0.0568
2026-07-23 14:10:22,695.38,2026-07-23,692.0,4.59,4.64,4.72,1749,146,0.3593,0.7032,0.0537,-1.235,0.0621
2026-07-23 14:10:22,695.38,2026-07-23,693.0,4.05,4.07,4.11,4411,184,0.3768,0.6408,0.05531,-1.68,0.067
2026-07-23 14:10:22,695.38,2026-07-23,694.0,3.32,3.35,3.35,8313,191,0.3602,0.5877,0.06025,-1.955,0.0698
2026-07-23 14:10:22,695.38,2026-07-23,695.0,2.87,2.91,2.91,21100,484,0.3754,0.5256,0.05913,-2.51,0.0714
2026-07-23 14:10:22,695.38,2026-07-23,696.0,2.32,2.34,2.34,29082,256,0.3659,0.4655,0.06056,-2.33,0.0713
2026-07-23 14:10:22,695.38,2026-07-23,697.0,1.88,1.9,1.9,31800,443,0.3647,0.4053,0.05927,-1.89,0.0695
2026-07-23 14:10:22,695.38,2026-07-23,698.0,1.54,1.56,1.56,24651,690,0.3696,0.3495,0.05585,-1.55,0.0664
2026-07-23 14:10:22,695.38,2026-07-23,699.0,1.21,1.23,1.23,20885,1174,0.3678,0.2947,0.05228,-1.22,0.0619
2026-07-23 14:10:22,695.38,2026-07-23,700.0,0.94,0.96,0.96,45920,935,0.3672,0.2446,0.0477,-0.95,0.0563
2026-07-23 14:10:22,695.38,2026-07-23,701.0,0.72,0.74,0.74,13504,1288,0.367,0.1997,0.0425,-0.73,0.0502
2026-07-23 14:10:22,695.38,2026-07-23,702.0,0.5,0.52,0.52,17625,577,0.357,0.1535,0.03699,-0.51,0.0425
2026-07-23 14:10:22,695.38,2026-07-23,703.0,0.4,0.41,0.41,26013,951,0.365,0.1251,0.03146,-0.405,0.0369
2026-07-23 14:10:22,695.38,2026-07-23,704.0,0.26,0.31,0.3,11798,606,0.3613,0.0944,0.02595,-0.285,0.0302
2026-07-23 14:10:22,695.38,2026-07-23,705.0,0.22,0.23,0.22,20476,912,0.3697,0.0759,0.02154,-0.225,0.0256
2026-07-23 14:10:22,695.38,2026-07-23,706.0,0.12,0.13,0.17,8671,829,0.3513,0.048,0.01583,-0.125,0.0179
2026-07-23 14:10:22,695.38,2026-07-23,707.0,0.12,0.13,0.13,5571,999,0.3774,0.0451,0.01402,-0.125,0.017
2026-07-23 14:10:22,695.38,2026-07-23,708.0,0.05,0.06,0.11,5386,647,0.3497,0.0235,0.00884,-0.055,0.0099
2026-07-23 14:10:22,695.38,2026-07-23,709.0,0.07,0.08,0.08,3412,749,0.3917,0.0279,0.00913,-0.075,0.0115
2026-07-23 14:10:22,695.38,2026-07-23,710.0,0.06,0.07,0.07,6273,2757,0.4059,0.0239,0.00772,-0.065,0.0101
2026-07-23 14:15:23,694.23,2026-07-23,680.0,14.7,15.23,14.44,79,296,0.6893,0.8818,0.01616,-0.735,0.0352
2026-07-23 14:15:23,694.23,2026-07-23,681.0,13.58,14.1,14.55,102,,0.6187,0.8896,0.01714,-0.61,0.0335
2026-07-23 14:15:23,694.23,2026-07-23,682.0,12.73,12.94,13.53,34,,0.5832,0.8849,0.01874,-0.605,0.0345
2026-07-23 14:15:23,694.23,2026-07-23,683.0,11.76,12.05,11.84,67,,0.5679,0.8709,0.02085,-0.675,0.0374
2026-07-23 14:15:23,694.23,2026-07-23,684.0,11.2,11.24,11.02,116,,0.6076,0.8324,0.02321,-0.99,0.0446
2026-07-23 14:15:23,694.23,2026-07-23,685.0,10.33,10.38,10.84,396,593,0.5975,0.8117,0.0254,-1.125,0.048
2026-07-23 14:15:23,694.23,2026-07-23,686.0,9.39,9.47,9.63,174,1,0.572,0.7949,0.02795,-1.2,0.0505
2026-07-23 14:15:23,694.23,2026-07-23,687.0,8.41,8.47,8.35,730,,0.532,0.7815,0.03118,-1.21,0.0524
2026-07-23 14:15:23,694.23,2026-07-23,688.0,7.56,7.66,7.44,226,1,0.5198,0.7537,0.03412,-1.38,0.056
2026-07-23 14:15:23,694.23,2026-07-23,689.0,6.76,6.95,6.44,337,,0.5159,0.7194,0.03674,-1.625,0.0599
2026-07-23 14:15:23,694.23,2026-07-23,690.0,5.99,6.05,5.71,2406,560,0.4939,0.6886,0.04026,-1.79,0.0628
2026-07-23 14:15:23,694.23,2026-07-23,691.0,5.2,5.25,5.35,1487,594,0.4739,0.6527,0.04384,-1.995,0.0657
2026-07-23 14:15:23,694.23,2026-07-23,692.0,4.45,4.65,4.43,2100,146,0.4667,0.6093,0.04627,-2.32,0.0682
2026-07-23 14:15:23,694.23,2026-07-23,693.0,3.87,3.95,3.75,4861,184,0.4583,0.5633,0.04835,-2.68,0.07
2026-07-23 14:15:23,694.23,2026-07-23,694.0,3.35,3.39,3.36,10196,191,0.4575,0.5146,0.04902,-3.14,0.0709
2026-07-23 14:15:23,694.23,2026-07-23,695.0,2.73,2.82,2.82,25580,484,0.442,0.4642,0.05057,-2.775,0.0706
2026-07-23 14:15:23,694.23,2026-07-23,696.0,2.28,2.32,2.32,33733,256,0.4361,0.413,0.05023,-2.3,0.0692
2026-07-23 14:15:23,694.23,2026-07-23,697.0,1.81,1.89,1.89,36565,443,0.4262,0.3606,0.04941,-1.85,0.0665
2026-07-23 14:15:23,694.23,2026-07-23,698.0,1.48,1.5,1.5,27489,690,0.4218,0.3109,0.04711,-1.49,0.0628
2026-07-23 14:15:23,694.23,2026-07-23,699.0,1.12,1.14,1.14,23516,1174,0.4088,0.259,0.04455,-1.13,0.0576
2026-07-23 14:15:23,694.23,2026-07-23,700.0,0.85,0.87,0.87,52045,935,0.4019,0.2129,0.04066,-0.86,0.0516
2026-07-23 14:15:23,694.23,2026-07-23,701.0,0.68,0.69,0.65,15150,1288,0.4053,0.1769,0.03603,-0.685,0.0461
2026-07-23 14:15:23,694.23,2026-07-23,702.0,0.51,0.53,0.53,20067,577,0.4034,0.1424,0.0314,-0.52,0.04
2026-07-23 14:15:23,694.23,2026-07-23,703.0,0.38,0.39,0.39,28446,951,0.4006,0.112,0.02675,-0.385,0.0339
2026-07-23 14:15:23,694.23,2026-07-23,704.0,0.28,0.29,0.29,14191,606,0.3998,0.0874,0.02235,-0.285,0.0282
2026-07-23 14:15:23,694.23,2026-07-23,705.0,0.17,0.18,0.22,21806,912,0.3843,0.0598,0.01738,-0.175,0.0211
2026-07-23 14:15:23,694.23,2026-07-23,706.0,0.15,0.16,0.16,9252,829,0.4016,0.0519,0.01487,-0.155,0.0189
2026-07-23 14:15:23,694.23,2026-07-23,707.0,0.11,0.12,0.11,5999,999,0.4043,0.0398,0.01195,-0.115,0.0153
2026-07-23 14:15:23,694.23,2026-07-23,708.0,0.05,0.06,0.09,5730,647,0.3794,0.022,0.00779,-0.055,0.0093
2026-07-23 14:15:23,694.23,2026-07-23,709.0,0.03,0.04,0.03,3595,749,0.3766,0.0148,0.00559,-0.035,0.0067
2026-07-23 14:20:24,694.4,2026-07-23,680.0,14.1,14.84,14.7,101,296,0.4014,0.9804,0.00672,-0.07,0.0084
2026-07-23 14:20:24,694.4,2026-07-23,681.0,13.61,13.91,14.55,102,,0.5444,0.9218,0.01521,-0.36,0.0258
2026-07-23 14:20:24,694.4,2026-07-23,682.0,12.24,12.63,13.01,41,,0.3006,0.991,0.00458,-0.035,0.0043
2026-07-23 14:20:24,694.4,2026-07-23,683.0,11.43,11.73,11.93,85,,0.4052,0.9469,0.01514,-0.18,0.0191
2026-07-23 14:20:24,694.4,2026-07-23,684.0,10.69,10.93,10.74,130,,0.4661,0.9001,0.02132,-0.41,0.031
2026-07-23 14:20:24,694.4,2026-07-23,685.0,9.95,9.99,9.88,441,593,0.4787,0.8704,0.02498,-0.57,0.0373
2026-07-23 14:20:24,694.4,2026-07-23,686.0,8.75,8.83,9.05,204,1,0.3932,0.8898,0.02713,-0.39,0.0332
2026-07-23 14:20:24,694.4,2026-07-23,687.0,7.88,8.14,8.039,775,,0.4161,0.8463,0.03226,-0.61,0.0418
2026-07-23 14:20:24,694.4,2026-07-23,688.0,7.11,7.23,7.21,257,1,0.4133,0.8131,0.03683,-0.77,0.0474
2026-07-23 14:20:24,694.4,2026-07-23,689.0,6.47,6.53,6.53,391,,0.4357,0.7621,0.04023,-1.1,0.0546
2026-07-23 14:20:24,694.4,2026-07-23,690.0,5.59,5.6,5.67,2533,560,0.4072,0.733,0.04574,-1.195,0.058
2026-07-23 14:20:24,694.4,2026-07-23,691.0,4.84,4.95,4.94,2149,594,0.4081,0.6847,0.04933,-1.495,0.0627
2026-07-23 14:20:24,694.4,2026-07-23,692.0,4.19,4.23,4.3,2361,146,0.4037,0.635,0.05275,-1.81,0.0663
2026-07-23 14:20:24,694.4,2026-07-23,693.0,3.6,3.63,3.65,5516,184,0.4051,0.5808,0.05465,-2.215,0.069
2026-07-23 14:20:24,694.4,2026-07-23,694.0,3.03,3.06,3.06,12452,191,0.4021,0.5256,0.0561,-2.645,0.0703
2026-07-23 14:20:24,694.4,2026-07-23,695.0,2.44,2.46,2.46,30408,484,0.3876,0.4682,0.05813,-2.45,0.0702
2026-07-23 14:20:24,694.4,2026-07-23,696.0,1.99,2,2,38263,256,0.3848,0.41,0.05724,-1.995,0.0686
2026-07-23 14:20:24,694.4,2026-07-23,697.0,1.59,1.61,1.6,39920,443,0.3822,0.3531,0.05508,-1.6,0.0656
2026-07-23 14:20:24,694.4,2026-07-23,698.0,1.25,1.3,1.31,29950,690,0.3818,0.2998,0.05157,-1.275,0.0613
2026-07-23 14:20:24,694.4,2026-07-23,699.0,1,1.01,0.96,25287,1174,0.3821,0.2508,0.0472,-1.005,0.0562
2026-07-23 14:20:24,694.4,2026-07-23,700.0,0.76,0.77,0.75,56591,935,0.3791,0.2045,0.04239,-0.765,0.0501
2026-07-23 14:20:24,694.4,2026-07-23,701.0,0.57,0.58,0.57,16062,1288,0.3773,0.1638,0.03711,-0.575,0.0436
2026-07-23 14:20:24,694.4,2026-07-23,702.0,0.43,0.44,0.44,22325,577,0.3784,0.1305,0.03176,-0.435,0.0374
2026-07-23 14:20:24,694.4,2026-07-23,703.0,0.31,0.32,0.28,29985,951,0.3764,0.1005,0.02651,-0.315,0.0311
2026-07-23 14:20:24,694.4,2026-07-23,704.0,0.23,0.24,0.2,15501,606,0.379,0.0781,0.02183,-0.235,0.0258
2026-07-23 14:20:24,694.4,2026-07-23,705.0,0.17,0.18,0.18,24133,912,0.3823,0.0604,0.01775,-0.175,0.0211
2026-07-23 14:20:24,694.4,2026-07-23,706.0,0.13,0.14,0.14,9678,829,0.3888,0.0476,0.01445,-0.135,0.0175
2026-07-23 14:20:24,694.4,2026-07-23,707.0,0.06,0.07,0.07,6454,999,0.3645,0.0266,0.00957,-0.065,0.0109
2026-07-23 14:20:24,694.4,2026-07-23,708.0,0.08,0.09,0.08,5821,647,0.406,0.0306,0.00966,-0.085,0.0122
2026-07-23 14:20:24,694.4,2026-07-23,709.0,0.02,0.03,0.06,3722,749,0.3589,0.0115,0.00475,-0.025,0.0053
2026-07-23 14:25:25,694.36,2026-07-23,680.0,14.75,15.15,14.44,130,296,0.6616,0.8964,0.01553,-0.595,0.0315
2026-07-23 14:25:25,694.36,2026-07-23,681.0,13.93,14.16,14.75,117,,0.6559,0.8817,0.01723,-0.69,0.0347
2026-07-23 14:25:25,694.36,2026-07-23,682.0,12.58,13.34,12.85,52,,0.5962,0.8855,0.01853,-0.605,0.0339
2026-07-23 14:25:25,694.36,2026-07-23,683.0,11.91,12.16,12.33,89,,0.5822,0.8711,0.02062,-0.68,0.0368
2026-07-23 14:25:25,694.36,2026-07-23,684.0,10.9,11.23,12.24,134,,0.5539,0.8608,0.02284,-0.71,0.0388
2026-07-23 14:25:25,694.36,2026-07-23,685.0,10.07,10.2,9.7,490,593,0.534,0.8451,0.02546,-0.78,0.0417
2026-07-23 14:25:25,694.36,2026-07-23,686.0,9.22,9.47,8.93,233,1,0.5422,0.8143,0.02817,-0.99,0.0469
2026-07-23 14:25:25,694.36,2026-07-23,687.0,8.27,8.37,8.08,814,,0.4962,0.8048,0.03173,-0.965,0.0483
2026-07-23 14:25:25,694.36,2026-07-23,688.0,7.37,7.44,7.58,321,1,0.4713,0.7827,0.0356,-1.05,0.0515
2026-07-23 14:25:25,694.36,2026-07-23,689.0,6.58,6.8,6.36,449,,0.4794,0.7417,0.0385,-1.335,0.0566
2026-07-23 14:25:25,694.36,2026-07-23,690.0,5.98,6.04,5.75,2719,560,0.4855,0.6991,0.04093,-1.655,0.061
2026-07-23 14:25:25,694.36,2026-07-23,691.0,5.07,5.25,4.86,2578,594,0.4581,0.6654,0.04538,-1.805,0.0638
2026-07-23 14:25:25,694.36,2026-07-23,692.0,4.45,4.52,4.3,2672,146,0.4525,0.6201,0.04803,-2.13,0.0667
2026-07-23 14:25:25,694.36,2026-07-23,693.0,3.71,3.83,3.83,6697,184,0.4345,0.5738,0.05151,-2.415,0.0687
2026-07-23 14:25:25,694.36,2026-07-23,694.0,3.12,3.23,3.23,14486,191,0.4271,0.5221,0.05323,-2.82,0.0698
2026-07-23 14:25:25,694.36,2026-07-23,695.0,2.7,2.71,2.63,35021,484,0.4302,0.4691,0.05278,-2.705,0.0697
2026-07-23 14:25:25,694.36,2026-07-23,696.0,2.14,2.21,2.21,43559,256,0.4168,0.414,0.05337,-2.175,0.0683
2026-07-23 14:25:25,694.36,2026-07-23,697.0,1.76,1.79,1.79,44568,443,0.4143,0.361,0.0516,-1.775,0.0656
2026-07-23 14:25:25,694.36,2026-07-23,698.0,1.35,1.42,1.41,33825,690,0.4049,0.3069,0.04952,-1.385,0.0615
2026-07-23 14:25:25,694.36,2026-07-23,699.0,1.08,1.09,1.09,28820,1174,0.4012,0.2576,0.04592,-1.085,0.0565
2026-07-23 14:25:25,694.36,2026-07-23,700.0,0.78,0.84,0.84,62131,935,0.3928,0.2092,0.04178,-0.81,0.0504
2026-07-23 14:25:25,694.36,2026-07-23,701.0,0.62,0.63,0.62,18042,1288,0.3932,0.1705,0.0368,-0.625,0.0444
2026-07-23 14:25:25,694.36,2026-07-23,702.0,0.42,0.47,0.47,25676,577,0.3855,0.1317,0.03161,-0.445,0.0374
2026-07-23 14:25:25,694.36,2026-07-23,703.0,0.3,0.31,0.34,31312,951,0.3774,0.0982,0.02619,-0.305,0.0303
2026-07-23 14:25:25,694.36,2026-07-23,704.0,0.25,0.26,0.25,17423,606,0.3909,0.0821,0.02214,-0.255,0.0266
2026-07-23 14:25:25,694.36,2026-07-23,705.0,0.14,0.15,0.18,25291,912,0.3714,0.053,0.01661,-0.145,0.0189
2026-07-23 14:25:25,694.36,2026-07-23,706.0,0.09,0.14,0.14,10409,829,0.3809,0.0425,0.01355,-0.115,0.0158
2026-07-23 14:25:25,694.36,2026-07-23,707.0,0.1,0.11,0.07,7020,999,0.4002,0.0376,0.01168,-0.105,0.0143
2026-07-23 14:25:25,694.36,2026-07-23,708.0,0.04,0.05,0.08,5905,647,0.3706,0.0191,0.00716,-0.045,0.0081
2026-07-23 14:25:25,694.36,2026-07-23,709.0,0.06,0.07,0.06,4006,749,0.4161,0.0238,0.0077,-0.065,0.0098
2026-07-23 14:30:27,695.26,2026-07-23,681.0,14.14,14.49,14.18,147,,0.3844,0.9846,0.00577,-0.055,0.0067
2026-07-23 14:30:27,695.26,2026-07-23,682.0,13.25,13.54,13,57,,0.4359,0.9618,0.01093,-0.135,0.0144
2026-07-23 14:30:27,695.26,2026-07-23,683.0,11.97,12.42,11.84,90,,,,,,
2026-07-23 14:30:27,695.26,2026-07-23,684.0,11.08,11.29,11.11,146,,,,,,
2026-07-23 14:30:27,695.26,2026-07-23,685.0,10.38,10.64,10.21,520,593,0.4098,0.9274,0.01936,-0.25,0.024
2026-07-23 14:30:27,695.26,2026-07-23,686.0,9.26,9.4,9.17,283,1,0.2802,0.9725,0.01298,-0.07,0.011
2026-07-23 14:30:27,695.26,2026-07-23,687.0,8.68,8.81,8.67,877,,0.4214,0.873,0.02838,-0.485,0.0362
2026-07-23 14:30:27,695.26,2026-07-23,688.0,7.6,7.8,7.59,337,1,0.3733,0.8709,0.0324,-0.44,0.0367
2026-07-23 14:30:27,695.26,2026-07-23,689.0,6.91,6.93,7.05,578,,0.3895,0.8251,0.038,-0.66,0.0449
2026-07-23 14:30:27,695.26,2026-07-23,690.0,5.92,6.18,6.04,3806,560,0.3761,0.7922,0.04375,-0.79,0.0499
2026-07-23 14:30:27,695.26,2026-07-23,691.0,5.27,5.33,5.38,2640,594,0.379,0.7438,0.04878,-1.04,0.056
2026-07-23 14:30:27,695.26,2026-07-23,692.0,4.55,4.61,4.62,3166,146,0.3783,0.6928,0.05336,-1.32,0.0612
2026-07-23 14:30:27,695.26,2026-07-23,693.0,3.85,4,3.93,7196,184,0.3793,0.637,0.05682,-1.665,0.0653
2026-07-23 14:30:27,695.26,2026-07-23,694.0,3.32,3.35,3.28,16352,191,0.3814,0.5783,0.05892,-2.075,0.0681
2026-07-23 14:30:27,695.26,2026-07-23,695.0,2.68,2.69,2.69,40357,484,0.3663,0.5193,0.06249,-2.425,0.0694
2026-07-23 14:30:27,695.26,2026-07-23,696.0,2.2,2.23,2.22,47210,256,0.3683,0.4571,0.06185,-2.215,0.0691
2026-07-23 14:30:27,695.26,2026-07-23,697.0,1.7,1.78,1.76,47275,443,0.3605,0.3938,0.06129,-1.74,0.067
2026-07-23 14:30:27,695.26,2026-07-23,698.0,1.37,1.39,1.37,36199,690,0.3606,0.3343,0.05798,-1.38,0.0634
2026-07-23 14:30:27,695.26,2026-07-23,699.0,1.05,1.06,1.05,30419,1174,0.3568,0.2766,0.05387,-1.055,0.0583
2026-07-23 14:30:27,695.26,2026-07-23,700.0,0.79,0.81,0.76,67235,935,0.3555,0.2249,0.04845,-0.8,0.0522
2026-07-23 14:30:27,695.26,2026-07-23,701.0,0.54,0.59,0.55,19821,1288,0.3476,0.1743,0.04249,-0.565,0.0448
2026-07-23 14:30:27,695.26,2026-07-23,702.0,0.39,0.4,0.4,27287,577,0.3428,0.1321,0.03584,-0.395,0.0372
2026-07-23 14:30:27,695.26,2026-07-23,703.0,0.31,0.32,0.32,32865,951,0.3536,0.107,0.02994,-0.315,0.0321
2026-07-23 14:30:27,695.26,2026-07-23,704.0,0.19,0.2,0.2,17975,606,0.3424,0.0736,0.0234,-0.195,0.0243
2026-07-23 14:30:27,695.26,2026-07-23,705.0,0.13,0.18,0.18,25998,912,0.3535,0.0589,0.01907,-0.155,0.0204
2026-07-23 14:30:27,695.26,2026-07-23,706.0,0.09,0.14,0.1,11523,829,0.3593,0.0449,0.01513,-0.115,0.0165
2026-07-23 14:30:27,695.26,2026-07-23,707.0,0.05,0.1,0.09,7829,999,0.3571,0.0311,0.01127,-0.075,0.0122
2026-07-23 14:30:27,695.26,2026-07-23,708.0,0.03,0.08,0.07,6055,647,0.3631,0.0233,0.00872,-0.055,0.0096
2026-07-23 14:30:27,695.26,2026-07-23,709.0,0.02,0.03,0.03,4298,749,0.3454,0.0121,0.00522,-0.025,0.0055
2026-07-23 14:30:27,695.26,2026-07-23,710.0,0.01,0.02,0.04,7550,2757,0.3442,0.0076,0.0035,-0.015,0.0037
2026-07-23 14:35:28,693.11,2026-07-23,679.0,14.02,14.23,15.59,16,1,,,,,
2026-07-23 14:35:28,693.11,2026-07-23,680.0,12.99,13.52,13.22,148,296,0.4435,0.9591,0.01148,-0.145,0.0151
2026-07-23 14:35:28,693.11,2026-07-23,681.0,12.08,12.43,13.55,152,,0.4157,0.9568,0.01282,-0.145,0.0158
2026-07-23 14:35:28,693.11,2026-07-23,682.0,11.32,11.64,13.09,58,,0.4878,0.9101,0.01931,-0.37,0.0279
2026-07-23 14:35:28,693.11,2026-07-23,683.0,10.32,10.58,11.84,90,,0.4442,0.9097,0.02127,-0.34,0.028
2026-07-23 14:35:28,693.11,2026-07-23,684.0,9.53,9.67,9.75,147,,0.4579,0.8792,0.02549,-0.49,0.0346
2026-07-23 14:35:28,693.11,2026-07-23,685.0,8.69,8.74,8.82,541,593,0.4524,0.8543,0.02935,-0.605,0.0394
2026-07-23 14:35:28,693.11,2026-07-23,686.0,7.73,7.81,8.42,298,1,0.4274,0.8361,0.03357,-0.66,0.0426
2026-07-23 14:35:28,693.11,2026-07-23,687.0,6.85,6.94,6.94,963,,0.415,0.8069,0.03835,-0.785,0.0472
2026-07-23 14:35:28,693.11,2026-07-23,688.0,6.11,6.16,6.28,410,1,0.4195,0.7635,0.04268,-1.025,0.0531
2026-07-23 14:35:28,693.11,2026-07-23,689.0,5.37,5.43,5.75,685,,0.42,0.7183,0.04668,-1.29,0.0581
2026-07-23 14:35:28,693.11,2026-07-23,690.0,4.58,4.6,4.64,4093,560,0.4007,0.677,0.05202,-1.48,0.0618
2026-07-23 14:35:28,693.11,2026-07-23,691.0,3.87,4.019,4.34,2737,594,0.4009,0.6231,0.05501,-1.8345,0.0654
2026-07-23 14:35:28,693.11,2026-07-23,692.0,3.38,3.42,3.43,3419,146,0.4078,0.5659,0.05602,-2.29,0.0678
2026-07-23 14:35:28,693.11,2026-07-23,693.0,2.77,2.87,2.78,7652,184,0.4011,0.5094,0.05774,-2.71,0.0687
2026-07-23 14:35:28,693.11,2026-07-23,694.0,2.27,2.3,2.31,18936,191,0.3925,0.4507,0.05857,-2.285,0.0682
2026-07-23 14:35:28,693.11,2026-07-23,695.0,1.83,1.85,1.86,46047,484,0.3884,0.3918,0.05743,-1.84,0.0662
2026-07-23 14:35:28,693.11,2026-07-23,696.0,1.4,1.45,1.47,49836,256,0.3796,0.3323,0.05555,-1.425,0.0625
2026-07-23 14:35:28,693.11,2026-07-23,697.0,1.1,1.11,1.15,49443,443,0.3765,0.2774,0.05167,-1.105,0.0577
2026-07-23 14:35:28,693.11,2026-07-23,698.0,0.86,0.87,0.86,37794,690,0.3783,0.2295,0.04655,-0.865,0.0522
2026-07-23 14:35:28,693.11,2026-07-23,699.0,0.64,0.65,0.64,32057,1174,0.375,0.1839,0.04118,-0.645,0.0458
2026-07-23 14:35:28,693.11,2026-07-23,700.0,0.47,0.48,0.48,71291,935,0.373,0.1446,0.03542,-0.475,0.0392
2026-07-23 14:35:28,693.11,2026-07-23,701.0,0.34,0.35,0.35,21844,1288,0.3718,0.1117,0.02968,-0.345,0.0327
2026-07-23 14:35:28,693.11,2026-07-23,702.0,0.25,0.26,0.26,28357,577,0.3741,0.0864,0.02444,-0.255,0.0271
2026-07-23 14:35:28,693.11,2026-07-23,703.0,0.14,0.15,0.19,33899,951,0.3565,0.0557,0.0183,-0.145,0.0194
2026-07-23 14:35:28,693.11,2026-07-23,704.0,0.13,0.14,0.1,19720,606,0.379,0.0497,0.01573,-0.135,0.0177
2026-07-23 14:35:28,693.11,2026-07-23,705.0,0.1,0.11,0.11,26983,912,0.3874,0.0392,0.01272,-0.105,0.0146
2026-07-23 14:35:28,693.11,2026-07-23,706.0,0.08,0.09,0.09,12334,829,0.3983,0.0318,0.01042,-0.085,0.0123
2026-07-23 14:35:28,693.11,2026-07-23,707.0,0.06,0.07,0.07,8431,999,0.405,0.0248,0.00832,-0.065,0.01
2026-07-23 14:35:28,693.11,2026-07-23,708.0,0.01,0.02,0.02,6180,647,0.351,0.0076,0.00345,-0.015,0.0036
2026-07-23 14:40:29,695.92,2026-07-23,681.0,15.06,15.22,14.3,162,,0.542,0.9485,0.01136,-0.22,0.0181
2026-07-23 14:40:29,695.92,2026-07-23,682.0,13.79,13.99,13.68,94,,,,,,
2026-07-23 14:40:29,695.92,2026-07-23,683.0,13.11,13.15,12.17,91,,0.4779,0.945,0.01356,-0.21,0.0191
2026-07-23 14:40:29,695.92,2026-07-23,684.0,11.98,12.04,9.75,147,,0.3717,0.9708,0.01043,-0.09,0.0114
2026-07-23 14:40:29,695.92,2026-07-23,685.0,10.77,11.26,10.29,544,593,0.3495,0.9673,0.01218,-0.095,0.0125
2026-07-23 14:40:29,695.92,2026-07-23,686.0,10.09,10.35,8.029,298,1,0.4251,0.9158,0.02118,-0.3,0.0265
2026-07-23 14:40:29,695.92,2026-07-23,687.0,9.14,9.2,9.15,1021,,0.3737,0.9204,0.0231,-0.25,0.0254
2026-07-23 14:40:29,695.92,2026-07-23,688.0,8.4,8.53,8.039,444,1,0.4315,0.8608,0.02995,-0.545,0.038
2026-07-23 14:40:29,695.92,2026-07-23,689.0,7.4,7.48,7.36,746,,0.3875,0.8539,0.03445,-0.52,0.0393
2026-07-23 14:40:29,695.92,2026-07-23,690.0,6.55,6.65,6.43,4375,560,0.386,0.8173,0.03999,-0.68,0.0454
2026-07-23 14:40:29,695.92,2026-07-23,691.0,5.85,5.94,5.74,2795,594,0.403,0.7647,0.04447,-0.975,0.0528
2026-07-23 14:40:29,695.92,2026-07-23,692.0,5.11,5.19,4.88,3598,146,0.4018,0.7183,0.04897,-1.23,0.0579
2026-07-23 14:40:29,695.92,2026-07-23,693.0,4.3,4.33,4.28,8312,184,0.3784,0.6766,0.05532,-1.395,0.0616
2026-07-23 14:40:29,695.92,2026-07-23,694.0,3.73,3.77,3.71,21317,191,0.3906,0.6158,0.05701,-1.83,0.0655
2026-07-23 14:40:29,695.92,2026-07-23,695.0,3.1,3.11,3.1,52979,484,0.3814,0.5589,0.06029,-2.185,0.0677
2026-07-23 14:40:29,695.92,2026-07-23,696.0,2.51,2.52,2.51,54112,256,0.3719,0.498,0.06252,-2.515,0.0685
2026-07-23 14:40:29,695.92,2026-07-23,697.0,1.97,2.05,2.009,52761,443,0.3657,0.4346,0.06272,-2.01,0.0675
2026-07-23 14:40:29,695.92,2026-07-23,698.0,1.54,1.56,1.54,40959,690,0.3565,0.3699,0.06172,-1.55,0.0648
2026-07-23 14:40:29,695.92,2026-07-23,699.0,1.21,1.23,1.16,33991,1174,0.3575,0.3108,0.05757,-1.22,0.0606
2026-07-23 14:40:29,695.92,2026-07-23,700.0,0.92,0.93,0.87,76163,935,0.3548,0.2544,0.05267,-0.925,0.055
2026-07-23 14:40:29,695.92,2026-07-23,701.0,0.67,0.69,0.69,22893,1288,0.351,0.2024,0.04682,-0.68,0.0484
2026-07-23 14:40:29,695.92,2026-07-23,702.0,0.49,0.5,0.44,29672,577,0.3493,0.158,0.04026,-0.495,0.0414
2026-07-23 14:40:29,695.92,2026-07-23,703.0,0.35,0.36,0.32,35000,951,0.3485,0.1209,0.03362,-0.355,0.0345
2026-07-23 14:40:29,695.92,2026-07-23,704.0,0.21,0.22,0.23,20982,606,0.3352,0.0823,0.02641,-0.215,0.0261
2026-07-23 14:40:29,695.92,2026-07-23,705.0,0.14,0.19,0.17,29771,912,0.3443,0.0643,0.02128,-0.165,0.0216
2026-07-23 14:40:29,695.92,2026-07-23,706.0,0.13,0.14,0.11,13505,829,0.3579,0.0524,0.01743,-0.135,0.0184
2026-07-23 14:40:29,695.92,2026-07-23,707.0,0.09,0.1,0.06,9599,999,0.3605,0.0384,0.01347,-0.095,0.0143
2026-07-23 14:40:29,695.92,2026-07-23,708.0,0.07,0.08,0.06,8243,647,0.371,0.0305,0.01082,-0.075,0.0118
2026-07-23 14:40:29,695.92,2026-07-23,709.0,0.05,0.06,0.05,4456,749,0.3766,0.0229,0.00839,-0.055,0.0093
2026-07-23 14:40:29,695.92,2026-07-23,710.0,0.01,0.02,0.04,8499,2757,0.3356,0.0079,0.00376,-0.015,0.0037
2026-07-23 14:45:29,692.65,2026-07-23,678.0,14.92,15.11,17.03,43,,0.6101,0.9253,0.01365,-0.365,0.0239
2026-07-23 14:45:29,692.65,2026-07-23,679.0,13.7,14.13,15.59,16,1,0.534,0.9373,0.01363,-0.265,0.0209
2026-07-23 14:45:29,692.65,2026-07-23,680.0,12.69,13.02,13.78,148,296,0.4735,0.9451,0.01384,-0.205,0.0188
2026-07-23 14:45:29,692.65,2026-07-23,681.0,11.79,12.12,14.3,162,,0.4888,0.9232,0.01741,-0.305,0.0244
2026-07-23 14:45:29,692.65,2026-07-23,682.0,10.86,11.42,11.34,143,,0.5206,0.8897,0.02135,-0.49,0.0319
2026-07-23 14:45:29,692.65,2026-07-23,683.0,9.98,10.47,11.32,106,,0.5097,0.8715,0.0243,-0.575,0.0356
2026-07-23 14:45:29,692.65,2026-07-23,684.0,9.24,9.29,9.47,149,,0.4832,0.858,0.02745,-0.615,0.0381
2026-07-23 14:45:29,692.65,2026-07-23,685.0,8.18,8.46,8.48,584,593,0.4584,0.841,0.03121,-0.67,0.0411
2026-07-23 14:45:29,692.65,2026-07-23,686.0,7.33,7.59,7.69,308,1,0.45,0.8117,0.03539,-0.81,0.0457
2026-07-23 14:45:29,692.65,2026-07-23,687.0,6.55,6.75,6.71,1044,,0.4461,0.7759,0.03959,-1.0,0.0507
2026-07-23 14:45:29,692.65,2026-07-23,688.0,5.8,6.02,5.84,446,1,0.4482,0.7331,0.04329,-1.26,0.0557
2026-07-23 14:45:29,692.65,2026-07-23,689.0,4.98,5.18,5.59,751,,0.4276,0.696,0.04828,-1.43,0.0593
2026-07-23 14:45:29,692.65,2026-07-23,690.0,4.41,4.45,4.45,4464,560,0.4303,0.645,0.05106,-1.78,0.0631
2026-07-23 14:45:29,692.65,2026-07-23,691.0,3.73,3.78,3.75,2822,594,0.4212,0.5945,0.05433,-2.105,0.0657
2026-07-23 14:45:29,692.65,2026-07-23,692.0,3.08,3.17,3.17,4000,146,0.4112,0.5402,0.05697,-2.475,0.0673
2026-07-23 14:45:29,692.65,2026-07-23,693.0,2.62,2.65,2.65,8718,184,0.4138,0.4831,0.05685,-2.635,0.0675
2026-07-23 14:45:29,692.65,2026-07-23,694.0,2.15,2.17,2.16,22750,191,0.4102,0.426,0.05641,-2.16,0.0664
2026-07-23 14:45:29,692.65,2026-07-23,695.0,1.72,1.74,1.74,58055,484,0.4046,0.3689,0.05502,-1.73,0.0639
2026-07-23 14:45:29,692.65,2026-07-23,696.0,1.32,1.34,1.34,56446,256,0.3944,0.3111,0.05288,-1.33,0.0599
2026-07-23 14:45:29,692.65,2026-07-23,697.0,1.02,1.04,1.04,54555,443,0.3911,0.2589,0.04883,-1.03,0.0548
2026-07-23 14:45:29,692.65,2026-07-23,698.0,0.73,0.75,0.79,43177,690,0.3793,0.2056,0.04428,-0.74,0.0482
2026-07-23 14:45:29,692.65,2026-07-23,699.0,0.58,0.6,0.56,35613,1174,0.3869,0.1693,0.03851,-0.59,0.0428
2026-07-23 14:45:29,692.65,2026-07-23,700.0,0.38,0.39,0.44,79313,935,0.3712,0.124,0.03255,-0.385,0.0347
2026-07-23 14:45:29,692.65,2026-07-23,701.0,0.27,0.32,0.33,23565,1288,0.3771,0.0982,0.02711,-0.295,0.0294
2026-07-23 14:45:29,692.65,2026-07-23,702.0,0.19,0.24,0.24,30388,577,0.3789,0.075,0.02206,-0.215,0.024
2026-07-23 14:45:29,692.65,2026-07-23,703.0,0.13,0.14,0.17,35880,951,0.3701,0.0515,0.01683,-0.135,0.0179
2026-07-23 14:45:29,692.65,2026-07-23,704.0,0.08,0.09,0.13,21990,606,0.3649,0.0349,0.01246,-0.085,0.0131
2026-07-23 14:45:29,692.65,2026-07-23,705.0,0.1,0.11,0.07,30921,912,0.406,0.0382,0.01207,-0.105,0.0141
2026-07-23 14:45:29,692.65,2026-07-23,706.0,0.03,0.04,0.08,13550,829,0.3626,0.016,0.00651,-0.035,0.0068
2026-07-23 14:45:29,692.65,2026-07-23,707.0,0.02,0.07,0.03,9705,999,0.3998,0.0183,0.00664,-0.045,0.0076
2026-07-23 14:50:31,692.43,2026-07-23,678.0,14.09,14.4,17.03,43,,,,,,
2026-07-23 14:50:31,692.43,2026-07-23,679.0,13.37,13.74,14.12,17,1,0.4499,0.9642,0.01041,-0.125,0.0132
2026-07-23 14:50:31,692.43,2026-07-23,680.0,12.29,12.74,13.78,149,296,0.3891,0.9729,0.00955,-0.085,0.0105
2026-07-23 14:50:31,692.43,2026-07-23,681.0,11.24,11.57,12.06,167,,,,,,
2026-07-23 14:50:31,692.43,2026-07-23,682.0,10.53,10.89,10.71,202,,0.4431,0.9221,0.01957,-0.28,0.0245
2026-07-23 14:50:31,692.43,2026-07-23,683.0,9.73,9.98,11.32,106,,0.4611,0.8913,0.02407,-0.425,0.0313
2026-07-23 14:50:31,692.43,2026-07-23,684.0,8.78,8.89,8.78,155,,0.4193,0.8871,0.02718,-0.405,0.0322
2026-07-23 14:50:31,692.43,2026-07-23,685.0,7.84,7.93,8.13,644,593,0.3977,0.8698,0.03169,-0.455,0.0356
2026-07-23 14:50:31,692.43,2026-07-23,686.0,6.94,7.01,7.57,352,1,0.3832,0.8439,0.03718,-0.545,0.0402
2026-07-23 14:50:31,692.43,2026-07-23,687.0,6.26,6.29,6.67,1136,,0.4087,0.7885,0.04214,-0.845,0.0486
2026-07-23 14:50:31,692.43,2026-07-23,688.0,5.41,5.55,5.44,477,1,0.4029,0.7467,0.04727,-1.05,0.0538
2026-07-23 14:50:31,692.43,2026-07-23,689.0,4.6,4.69,4.8,855,,0.383,0.706,0.05354,-1.215,0.0579
2026-07-23 14:50:31,692.43,2026-07-23,690.0,4.04,4.09,4.19,4804,560,0.3982,0.6448,0.05566,-1.635,0.0626
2026-07-23 14:50:31,692.43,2026-07-23,691.0,3.34,3.35,3.33,2993,594,0.3818,0.5912,0.06056,-1.915,0.0653
2026-07-23 14:50:31,692.43,2026-07-23,692.0,2.74,2.85,2.87,4676,146,0.3828,0.5296,0.06186,-2.365,0.0668
2026-07-23 14:50:31,692.43,2026-07-23,693.0,2.23,2.25,2.25,11015,184,0.3738,0.4668,0.0633,-2.24,0.0668
2026-07-23 14:50:31,692.43,2026-07-23,694.0,1.81,1.84,1.84,26797,191,0.3764,0.4049,0.06129,-1.825,0.0651
2026-07-23 14:50:31,692.43,2026-07-23,695.0,1.39,1.46,1.46,64353,484,0.3717,0.3433,0.05888,-1.425,0.0618
2026-07-23 14:50:31,692.43,2026-07-23,696.0,1.07,1.13,1.11,61538,256,0.3694,0.2855,0.05475,-1.1,0.0571
2026-07-23 14:50:31,692.43,2026-07-23,697.0,0.84,0.85,0.85,59610,443,0.3696,0.2339,0.04935,-0.845,0.0515
2026-07-23 14:50:31,692.43,2026-07-23,698.0,0.63,0.64,0.64,47137,690,0.3691,0.1875,0.0434,-0.635,0.0452
2026-07-23 14:50:31,692.43,2026-07-23,699.0,0.43,0.44,0.44,38232,1174,0.3599,0.1414,0.03706,-0.435,0.0377
2026-07-23 14:50:31,692.43,2026-07-23,700.0,0.3,0.31,0.31,84750,935,0.3574,0.1063,0.03055,-0.305,0.0308
2026-07-23 14:50:31,692.43,2026-07-23,701.0,0.25,0.26,0.26,25540,1288,0.3732,0.0884,0.02554,-0.255,0.0269
2026-07-23 14:50:31,692.43,2026-07-23,702.0,0.19,0.2,0.2,35824,577,0.3802,0.0694,0.02087,-0.195,0.0224
2026-07-23 14:50:31,692.43,2026-07-23,703.0,0.14,0.15,0.15,38317,951,0.3851,0.0533,0.01676,-0.145,0.0182
2026-07-23 14:50:31,692.43,2026-07-23,704.0,0.07,0.08,0.11,23669,606,0.3657,0.0314,0.01151,-0.075,0.0119
2026-07-23 14:50:31,692.43,2026-07-23,705.0,0.08,0.09,0.09,32274,912,0.3999,0.0324,0.0108,-0.085,0.0122
2026-07-23 14:50:31,692.43,2026-07-23,706.0,0.03,0.08,0.04,13917,829,0.3966,0.0223,0.00795,-0.055,0.0089
2026-07-23 14:50:31,692.43,2026-07-23,707.0,0.05,0.06,0.02,10303,999,0.4209,0.0211,0.00717,-0.055,0.0085
2026-07-23 14:55:32,691.58,2026-07-23,677.0,14.76,14.89,17.18,16,,0.5626,0.9432,0.01219,-0.245,0.019
2026-07-23 14:55:32,691.58,2026-07-23,678.0,13.31,13.43,17.03,43,,,,,,
2026-07-23 14:55:32,691.58,2026-07-23,679.0,12.42,12.8,14.12,17,1,0.3149,0.9924,0.00398,-0.03,0.0035
2026-07-23 14:55:32,691.58,2026-07-23,680.0,11.61,11.62,11.93,151,296,0.3046,0.9896,0.00546,-0.035,0.0046
2026-07-23 14:55:32,691.58,2026-07-23,681.0,10.64,10.77,10.95,179,,0.3735,0.9575,0.01456,-0.125,0.0151
2026-07-23 14:55:32,691.58,2026-07-23,682.0,9.69,9.79,9.67,228,,0.3648,0.9447,0.01839,-0.16,0.0186
2026-07-23 14:55:32,691.58,2026-07-23,683.0,8.89,8.97,11.32,106,,0.4108,0.898,0.02604,-0.35,0.0296
2026-07-23 14:55:32,691.58,2026-07-23,684.0,7.93,8.029,8.2,265,,0.3908,0.8808,0.03061,-0.3995,0.0331
2026-07-23 14:55:32,691.58,2026-07-23,685.0,7.1,7.17,7.13,830,593,0.3953,0.8443,0.03633,-0.555,0.0398
2026-07-23 14:55:32,691.58,2026-07-23,686.0,6.35,6.36,6.59,360,1,0.4045,0.7994,0.04165,-0.775,0.0467
2026-07-23 14:55:32,691.58,2026-07-23,687.0,5.43,5.58,5.62,1175,,0.39,0.7628,0.04759,-0.925,0.0514
2026-07-23 14:55:32,691.58,2026-07-23,688.0,4.65,4.79,4.91,508,1,0.3811,0.7167,0.05336,-1.14,0.0563
2026-07-23 14:55:32,691.58,2026-07-23,689.0,4.019,4.16,4.07,947,,0.3902,0.6574,0.05658,-1.5095,0.0612
2026-07-23 14:55:32,691.58,2026-07-23,690.0,3.38,3.42,3.46,5158,560,0.3801,0.6015,0.061,-1.82,0.0642
2026-07-23 14:55:32,691.58,2026-07-23,691.0,2.84,2.86,2.91,3137,594,0.3827,0.5392,0.06232,-2.27,0.0661
2026-07-23 14:55:32,691.58,2026-07-23,692.0,2.26,2.34,2.38,5211,146,0.3758,0.4761,0.06366,-2.3,0.0663
2026-07-23 14:55:32,691.58,2026-07-23,693.0,1.89,1.92,1.93,13985,184,0.3829,0.4148,0.06116,-1.905,0.0649
2026-07-23 14:55:32,691.58,2026-07-23,694.0,1.48,1.5,1.5,30803,191,0.3774,0.353,0.05914,-1.49,0.0618
2026-07-23 14:55:32,691.58,2026-07-23,695.0,1.13,1.15,1.13,72754,484,0.3724,0.2935,0.05554,-1.14,0.0573
2026-07-23 14:55:32,691.58,2026-07-23,696.0,0.83,0.89,0.89,68438,256,0.3692,0.239,0.05046,-0.86,0.0516
2026-07-23 14:55:32,691.58,2026-07-23,697.0,0.62,0.63,0.63,65169,443,0.3642,0.1885,0.04455,-0.625,0.045
2026-07-23 14:55:32,691.58,2026-07-23,698.0,0.5,0.51,0.51,51118,690,0.3758,0.1552,0.03813,-0.505,0.0397
2026-07-23 14:55:32,691.58,2026-07-23,699.0,0.36,0.37,0.37,42226,1174,0.3744,0.1196,0.03202,-0.365,0.0332
2026-07-23 14:55:32,691.58,2026-07-23,700.0,0.23,0.24,0.24,91302,935,0.3643,0.0849,0.02563,-0.235,0.0259
2026-07-23 14:55:32,691.58,2026-07-23,701.0,0.2,0.21,0.22,27284,1288,0.3836,0.0724,0.02158,-0.205,0.0229
2026-07-23 14:55:32,691.58,2026-07-23,702.0,0.12,0.13,0.17,38602,577,0.3729,0.0486,0.01624,-0.125,0.0168
2026-07-23 14:55:32,691.58,2026-07-23,703.0,0.12,0.13,0.13,40008,951,0.4012,0.0456,0.01435,-0.125,0.016
2026-07-23 14:55:32,691.58,2026-07-23,704.0,0.09,0.1,0.1,24758,606,0.4077,0.0354,0.0115,-0.095,0.013
2026-07-23 14:55:32,691.58,2026-07-23,705.0,0.07,0.08,0.08,34019,912,0.417,0.0282,0.00932,-0.075,0.0108
2026-07-23 14:55:32,691.58,2026-07-23,706.0,0.02,0.03,0.07,14331,829,0.3766,0.0116,0.00484,-0.025,0.0051
2026-07-23 15:00:32,691.58,2026-07-23,677.0,14.46,15.05,15.44,46,,0.5266,0.9557,0.01076,-0.175,0.0154
2026-07-23 15:00:32,691.58,2026-07-23,678.0,13.6,13.67,17.03,43,,0.3911,0.9835,0.00637,-0.055,0.0068
2026-07-23 15:00:32,691.58,2026-07-23,679.0,12.44,12.98,14.12,17,1,0.4379,0.9611,0.01165,-0.13,0.0139
2026-07-23 15:00:32,691.58,2026-07-23,680.0,11.55,11.72,12.55,182,296,0.3409,0.9813,0.00811,-0.055,0.0075
2026-07-23 15:00:32,691.58,2026-07-23,681.0,10.8,11.01,10.92,189,,0.4743,0.9146,0.01995,-0.325,0.0258
2026-07-23 15:00:32,691.58,2026-07-23,682.0,9.98,10.08,10.02,235,,0.483,0.8884,0.02384,-0.45,0.0314
2026-07-23 15:00:32,691.58,2026-07-23,683.0,8.78,8.96,11.32,106,,0.393,0.9096,0.02512,-0.29,0.0269
2026-07-23 15:00:32,691.58,2026-07-23,684.0,7.88,8.189,8.47,266,,0.4104,0.8713,0.03101,-0.4545,0.0347
2026-07-23 15:00:32,691.58,2026-07-23,685.0,7.24,7.3,7.21,1000,593,0.4316,0.8253,0.03615,-0.69,0.0425
2026-07-23 15:00:32,691.58,2026-07-23,686.0,6.39,6.43,6.45,387,1,0.4197,0.7928,0.04127,-0.83,0.0472
2026-07-23 15:00:32,691.58,2026-07-23,687.0,5.46,5.5,5.78,1198,,0.3883,0.7655,0.04788,-0.9,0.0507
2026-07-23 15:00:32,691.58,2026-07-23,688.0,4.85,4.9,4.87,572,1,0.4118,0.7038,0.05085,-1.295,0.0571
2026-07-23 15:00:32,691.58,2026-07-23,689.0,4.11,4.14,4.14,1071,,0.3993,0.6552,0.05588,-1.545,0.0608
2026-07-23 15:00:32,691.58,2026-07-23,690.0,3.46,3.49,3.49,5572,560,0.3951,0.5986,0.05929,-1.895,0.0638
2026-07-23 15:00:32,691.58,2026-07-23,691.0,2.79,2.83,2.88,3333,594,0.3798,0.5397,0.06331,-2.23,0.0655
2026-07-23 15:00:32,691.58,2026-07-23,692.0,2.29,2.36,2.36,6137,146,0.3828,0.4764,0.06303,-2.325,0.0657
2026-07-23 15:00:32,691.58,2026-07-23,693.0,1.83,1.84,1.88,16946,184,0.3752,0.4122,0.06285,-1.835,0.0643
2026-07-23 15:00:32,691.58,2026-07-23,694.0,1.42,1.49,1.49,35221,191,0.3749,0.3508,0.05991,-1.455,0.0612
2026-07-23 15:00:32,691.58,2026-07-23,695.0,1.14,1.15,1.15,78681,484,0.3764,0.2939,0.05545,-1.145,0.0569
2026-07-23 15:00:32,691.58,2026-07-23,696.0,0.87,0.88,0.88,72248,256,0.3752,0.2407,0.05027,-0.875,0.0514
2026-07-23 15:00:32,691.58,2026-07-23,697.0,0.65,0.66,0.62,69835,443,0.3739,0.1928,0.04437,-0.655,0.0452
2026-07-23 15:00:32,691.58,2026-07-23,698.0,0.49,0.5,0.5,54878,690,0.3764,0.1536,0.03812,-0.495,0.0391
2026-07-23 15:00:32,691.58,2026-07-23,699.0,0.32,0.37,0.37,44675,1174,0.3714,0.1157,0.0318,-0.345,0.0322
2026-07-23 15:00:32,691.58,2026-07-23,700.0,0.23,0.24,0.24,96551,935,0.3673,0.0849,0.02563,-0.235,0.0257
2026-07-23 15:00:32,691.58,2026-07-23,701.0,0.2,0.21,0.18,29134,1288,0.3868,0.0724,0.02158,-0.205,0.0227
2026-07-23 15:00:32,691.58,2026-07-23,702.0,0.12,0.13,0.17,40358,577,0.3761,0.0486,0.01623,-0.125,0.0166
2026-07-23 15:00:32,691.58,2026-07-23,703.0,0.08,0.13,0.13,40703,951,0.3912,0.0404,0.01344,-0.105,0.0143
2026-07-23 15:00:32,691.58,2026-07-23,704.0,0.05,0.06,0.1,26300,606,0.3749,0.0238,0.00905,-0.055,0.0092
2026-07-23 15:00:32,691.58,2026-07-23,705.0,0.07,0.08,0.08,34980,912,0.4205,0.0282,0.00932,-0.075,0.0107
2026-07-23 15:00:32,691.58,2026-07-23,706.0,0.02,0.03,0.06,14587,829,0.3797,0.0116,0.00484,-0.025,0.005
2026-07-23 15:05:34,691.03,2026-07-23,677.0,13.98,14.25,15.44,46,,0.4437,0.975,0.00804,-0.085,0.0095
2026-07-23 15:05:34,691.03,2026-07-23,678.0,12.9,12.98,17.03,43,,,,,,
2026-07-23 15:05:34,691.03,2026-07-23,679.0,12.04,12.06,14.12,17,1,0.2681,0.9972,0.00194,-0.02,0.0014
2026-07-23 15:05:34,691.03,2026-07-23,680.0,11.13,11.26,11.4,208,296,0.4188,0.9485,0.01541,-0.165,0.0173
2026-07-23 15:05:34,691.03,2026-07-23,681.0,10.09,10.22,10.92,189,,0.3643,0.9557,0.01571,-0.125,0.0153
2026-07-23 15:05:34,691.03,2026-07-23,682.0,9.07,9.22,9.29,245,,0.3283,0.9554,0.01752,-0.115,0.0154
2026-07-23 15:05:34,691.03,2026-07-23,683.0,8.3,8.4,8.5,122,,0.3883,0.8995,0.02773,-0.32,0.0288
2026-07-23 15:05:34,691.03,2026-07-23,684.0,7.24,7.54,7.51,278,,0.3653,0.8829,0.0329,-0.36,0.0321
2026-07-23 15:05:34,691.03,2026-07-23,685.0,6.44,6.53,6.77,1118,593,0.3544,0.8536,0.03958,-0.455,0.0375
2026-07-23 15:05:34,691.03,2026-07-23,686.0,5.72,5.82,5.98,438,1,0.3797,0.7939,0.0459,-0.74,0.0466
2026-07-23 15:05:34,691.03,2026-07-23,687.0,5.01,5.06,5.09,1285,,0.3858,0.7414,0.05126,-1.005,0.0529
2026-07-23 15:05:34,691.03,2026-07-23,688.0,4.27,4.36,4.34,635,1,0.3843,0.688,0.05628,-1.285,0.0579
2026-07-23 15:05:34,691.03,2026-07-23,689.0,3.52,3.67,3.58,1253,,0.3739,0.6329,0.06158,-1.565,0.0616
2026-07-23 15:05:34,691.03,2026-07-23,690.0,2.92,2.98,3.03,5901,560,0.3666,0.571,0.06548,-1.92,0.0642
2026-07-23 15:05:34,691.03,2026-07-23,691.0,2.45,2.49,2.46,3585,594,0.375,0.5048,0.06504,-2.44,0.0652
2026-07-23 15:05:34,691.03,2026-07-23,692.0,1.92,1.99,1.99,7428,146,0.3678,0.4388,0.06553,-1.955,0.0645
2026-07-23 15:05:34,691.03,2026-07-23,693.0,1.51,1.57,1.57,21905,184,0.3659,0.3739,0.0633,-1.54,0.062
2026-07-23 15:05:34,691.03,2026-07-23,694.0,1.2,1.21,1.22,39262,191,0.3667,0.3131,0.05908,-1.205,0.058
2026-07-23 15:05:34,691.03,2026-07-23,695.0,0.92,0.93,0.88,82763,484,0.367,0.2571,0.05372,-0.925,0.0527
2026-07-23 15:05:34,691.03,2026-07-23,696.0,0.64,0.66,0.66,74098,256,0.357,0.2002,0.04797,-0.65,0.0458
2026-07-23 15:05:34,691.03,2026-07-23,697.0,0.48,0.53,0.53,73145,443,0.3647,0.1612,0.04099,-0.505,0.04
2026-07-23 15:05:34,691.03,2026-07-23,698.0,0.38,0.39,0.39,57748,690,0.3706,0.1278,0.03448,-0.385,0.0342
2026-07-23 15:05:34,691.03,2026-07-23,699.0,0.29,0.3,0.3,45907,1174,0.3777,0.101,0.02862,-0.295,0.0289
2026-07-23 15:05:34,691.03,2026-07-23,700.0,0.21,0.22,0.22,100619,935,0.3804,0.077,0.02322,-0.215,0.0236
2026-07-23 15:05:34,691.03,2026-07-23,701.0,0.12,0.13,0.17,30064,1288,0.3665,0.0501,0.01722,-0.125,0.0169
2026-07-23 15:05:34,691.03,2026-07-23,702.0,0.08,0.09,0.13,41154,577,0.3677,0.0357,0.01306,-0.085,0.0128
2026-07-23 15:05:34,691.03,2026-07-23,703.0,0.09,0.1,0.1,41084,951,0.4027,0.0364,0.01211,-0.095,0.013
2026-07-23 15:05:34,691.03,2026-07-23,704.0,0.07,0.08,0.08,27580,606,0.4126,0.0289,0.00978,-0.075,0.0108
2026-07-23 15:05:34,691.03,2026-07-23,705.0,0.02,0.03,0.06,35763,912,0.3729,0.0119,0.00508,-0.025,0.0051
2026-07-23 15:05:34,691.03,2026-07-23,706.0,0.01,0.02,0.05,14725,829,0.3714,0.0075,0.00342,-0.015,0.0034
2026-07-23 15:10:35,690.25,2026-07-23,676.0,14.05,14.7,15.74,15,,0.4911,0.9655,0.00961,-0.125,0.0124
2026-07-23 15:10:35,690.25,2026-07-23,677.0,13.35,13.85,15.44,46,,0.5851,0.9223,0.01535,-0.35,0.0236
2026-07-23 15:10:35,690.25,2026-07-23,678.0,12.53,12.81,17.03,43,,0.5783,0.9079,0.01763,-0.42,0.0268
2026-07-23 15:10:35,690.25,2026-07-23,679.0,11.51,11.83,12.13,19,1,0.5428,0.9029,0.01953,-0.42,0.0278
2026-07-23 15:10:35,690.25,2026-07-23,680.0,10.57,10.84,10.35,215,296,0.5188,0.892,0.02209,-0.455,0.0301
2026-07-23 15:10:35,690.25,2026-07-23,681.0,9.63,9.79,10.92,189,,0.4834,0.8844,0.02489,-0.46,0.0316
2026-07-23 15:10:35,690.25,2026-07-23,682.0,8.62,8.86,8.82,293,,0.4546,0.8717,0.02846,-0.49,0.0339
2026-07-23 15:10:35,690.25,2026-07-23,683.0,7.73,7.95,8.01,128,,0.4428,0.847,0.03294,-0.59,0.0383
2026-07-23 15:10:35,690.25,2026-07-23,684.0,6.99,7.16,6.61,303,,0.4568,0.804,0.03738,-0.825,0.0448
2026-07-23 15:10:35,690.25,2026-07-23,685.0,6.1,6.12,5.84,1175,593,0.4191,0.7834,0.04323,-0.86,0.0475
2026-07-23 15:10:35,690.25,2026-07-23,686.0,5.27,5.38,5.48,490,1,0.4139,0.7399,0.04839,-1.075,0.0525
2026-07-23 15:10:35,690.25,2026-07-23,687.0,4.57,4.59,4.48,1501,,0.4081,0.6915,0.05326,-1.33,0.057
2026-07-23 15:10:35,690.25,2026-07-23,688.0,3.87,3.92,3.97,732,1,0.4041,0.6374,0.0573,-1.645,0.0607
2026-07-23 15:10:35,690.25,2026-07-23,689.0,3.25,3.36,3.2,1568,,0.4064,0.5782,0.05944,-2.055,0.0634
2026-07-23 15:10:35,690.25,2026-07-23,690.0,2.69,2.72,2.74,7008,560,0.3977,0.5184,0.06186,-2.455,0.0645
2026-07-23 15:10:35,690.25,2026-07-23,691.0,2.18,2.24,2.23,5782,594,0.396,0.4563,0.06183,-2.21,0.0642
2026-07-23 15:10:35,690.25,2026-07-23,692.0,1.77,1.79,1.77,10938,146,0.3947,0.395,0.06023,-1.78,0.0624
2026-07-23 15:10:35,690.25,2026-07-23,693.0,1.32,1.34,1.38,25577,184,0.3798,0.3303,0.0589,-1.33,0.0587
2026-07-23 15:10:35,690.25,2026-07-23,694.0,1.07,1.08,1.07,42722,191,0.3878,0.2782,0.05342,-1.075,0.0544
2026-07-23 15:10:35,690.25,2026-07-23,695.0,0.77,0.82,0.81,87610,484,0.3816,0.224,0.0484,-0.795,0.0485
2026-07-23 15:10:35,690.25,2026-07-23,696.0,0.61,0.62,0.61,77060,256,0.3859,0.1817,0.04223,-0.615,0.0428
2026-07-23 15:10:35,690.25,2026-07-23,697.0,0.41,0.46,0.45,75895,443,0.3803,0.1393,0.03601,-0.435,0.0359
2026-07-23 15:10:35,690.25,2026-07-23,698.0,0.33,0.34,0.34,59342,690,0.3871,0.1109,0.03016,-0.335,0.0306
2026-07-23 15:10:35,690.25,2026-07-23,699.0,0.21,0.22,0.22,47481,1174,0.377,0.0783,0.02395,-0.215,0.0237
2026-07-23 15:10:35,690.25,2026-07-23,700.0,0.14,0.15,0.19,105002,935,0.3749,0.0562,0.01864,-0.145,0.0183
2026-07-23 15:10:35,690.25,2026-07-23,701.0,0.1,0.11,0.15,31641,1288,0.3798,0.0421,0.0146,-0.105,0.0145
2026-07-23 15:10:35,690.25,2026-07-23,702.0,0.1,0.11,0.11,42675,577,0.408,0.0396,0.01292,-0.105,0.0138
2026-07-23 15:10:35,690.25,2026-07-23,703.0,0.04,0.09,0.09,41541,951,0.4012,0.0264,0.00941,-0.065,0.0099
2026-07-23 15:10:35,690.25,2026-07-23,704.0,0.06,0.07,0.07,28061,606,0.4271,0.025,0.00844,-0.065,0.0095
2026-07-23 15:10:35,690.25,2026-07-23,705.0,0.01,0.02,0.05,36572,912,0.3702,0.0076,0.0035,-0.015,0.0034
2026-07-23 15:15:35,689.78,2026-07-23,675.0,14.62,14.96,17.39,23,118,,,,,
2026-07-23 15:15:35,689.78,2026-07-23,676.0,13.77,13.86,15.74,15,,0.3714,0.9904,0.0043,-0.035,0.0041
2026-07-23 15:15:35,689.78,2026-07-23,677.0,12.97,13.05,15.44,46,,0.5186,0.9404,0.01424,-0.23,0.019
2026-07-23 15:15:35,689.78,2026-07-23,678.0,11.88,11.89,17.03,43,,0.4085,0.9656,0.01162,-0.105,0.0122
2026-07-23 15:15:35,689.78,2026-07-23,679.0,10.98,11.09,12.13,19,1,0.4654,0.9282,0.01833,-0.255,0.022
2026-07-23 15:15:35,689.78,2026-07-23,680.0,9.93,10.08,10.35,215,296,0.4184,0.9298,0.02004,-0.225,0.0216
2026-07-23 15:15:35,689.78,2026-07-23,681.0,9.03,9.24,10.92,189,,0.4355,0.8983,0.02543,-0.355,0.0285
2026-07-23 15:15:35,689.78,2026-07-23,682.0,8.029,8.28,7.98,304,,0.4053,0.8869,0.02949,-0.3745,0.0308
2026-07-23 15:15:35,689.78,2026-07-23,683.0,7.22,7.26,7.02,158,,0.3927,0.8618,0.03501,-0.46,0.0354
2026-07-23 15:15:35,689.78,2026-07-23,684.0,6.35,6.66,6.49,337,,0.4175,0.8089,0.04066,-0.725,0.0437
2026-07-23 15:15:35,689.78,2026-07-23,685.0,5.71,5.81,5.12,1239,593,0.4255,0.7611,0.04542,-0.98,0.0498
2026-07-23 15:15:35,689.78,2026-07-23,686.0,4.84,4.9,4.89,525,1,0.3967,0.7266,0.05227,-1.09,0.0534
2026-07-23 15:15:35,689.78,2026-07-23,687.0,4.22,4.25,4.03,1707,,0.4072,0.6677,0.05558,-1.455,0.0583
2026-07-23 15:15:35,689.78,2026-07-23,688.0,3.44,3.5,3.29,827,1,0.3862,0.6159,0.06165,-1.69,0.0613
2026-07-23 15:15:35,689.78,2026-07-23,689.0,2.85,2.95,2.81,1799,,0.3879,0.5527,0.06353,-2.12,0.0635
2026-07-23 15:15:35,689.78,2026-07-23,690.0,2.34,2.45,2.4,7679,560,0.3898,0.4888,0.06376,-2.395,0.064
2026-07-23 15:15:35,689.78,2026-07-23,691.0,1.89,1.91,1.92,7692,594,0.3832,0.4242,0.06371,-1.9,0.0629
2026-07-23 15:15:35,689.78,2026-07-23,692.0,1.51,1.52,1.52,16589,146,0.3839,0.3622,0.06085,-1.515,0.0602
2026-07-23 15:15:35,689.78,2026-07-23,693.0,1.14,1.16,1.14,28758,184,0.3775,0.3004,0.05743,-1.15,0.0558
2026-07-23 15:15:35,689.78,2026-07-23,694.0,0.86,0.87,0.87,44821,191,0.3745,0.2441,0.05221,-0.865,0.0503
2026-07-23 15:15:35,689.78,2026-07-23,695.0,0.68,0.69,0.63,90221,484,0.3827,0.2005,0.04566,-0.685,0.045
2026-07-23 15:15:35,689.78,2026-07-23,696.0,0.5,0.51,0.51,79005,256,0.3819,0.1578,0.03935,-0.505,0.0387
2026-07-23 15:15:35,689.78,2026-07-23,697.0,0.37,0.38,0.37,77241,443,0.3841,0.1234,0.0331,-0.375,0.0327
2026-07-23 15:15:35,689.78,2026-07-23,698.0,0.27,0.28,0.28,60583,690,0.3865,0.095,0.02725,-0.275,0.0271
2026-07-23 15:15:35,689.78,2026-07-23,699.0,0.16,0.21,0.16,48006,1174,0.3823,0.0687,0.02156,-0.185,0.0212
2026-07-23 15:15:35,689.78,2026-07-23,700.0,0.1,0.11,0.11,106844,935,0.3682,0.0436,0.01564,-0.105,0.0148
2026-07-23 15:15:35,689.78,2026-07-23,701.0,0.1,0.11,0.11,32572,1288,0.3968,0.0409,0.01377,-0.105,0.0141
2026-07-23 15:15:35,689.78,2026-07-23,702.0,0.08,0.09,0.09,43412,577,0.4093,0.0331,0.01123,-0.085,0.0118
2026-07-23 15:15:35,689.78,2026-07-23,703.0,0.06,0.07,0.07,42355,951,0.4173,0.0257,0.00893,-0.065,0.0096
2026-07-23 15:15:35,689.78,2026-07-23,704.0,0.05,0.06,0.06,28126,606,0.4319,0.0215,0.00743,-0.055,0.0083
2026-07-23 15:20:36,690.93,2026-07-23,676.0,14.91,15.16,15.74,15,,0.5017,0.971,0.00827,-0.105,0.0105
2026-07-23 15:20:36,690.93,2026-07-23,677.0,13.74,14.14,15.44,46,,,,,,
2026-07-23 15:20:36,690.93,2026-07-23,678.0,13.06,13.23,12.43,45,,0.5192,0.9436,0.01371,-0.215,0.0181
2026-07-23 15:20:36,690.93,2026-07-23,679.0,11.74,12.14,11.42,29,1,,,,,
2026-07-23 15:20:36,690.93,2026-07-23,680.0,10.94,11.36,11,231,296,0.4571,0.9358,0.01724,-0.22,0.02
2026-07-23 15:20:36,690.93,2026-07-23,681.0,9.97,10.2,9.68,205,,0.3902,0.947,0.01738,-0.155,0.0172
2026-07-23 15:20:36,690.93,2026-07-23,682.0,9.06,9.48,8.79,332,,0.4389,0.902,0.02474,-0.34,0.0275
2026-07-23 15:20:36,690.93,2026-07-23,683.0,8.24,8.56,8.22,183,,0.4439,0.8719,0.02962,-0.47,0.0334
2026-07-23 15:20:36,690.93,2026-07-23,684.0,7.37,7.45,6.61,360,,0.4073,0.8601,0.03429,-0.48,0.0354
2026-07-23 15:20:36,690.93,2026-07-23,685.0,6.64,6.76,6.3,1298,593,0.4376,0.8056,0.03948,-0.77,0.0438
2026-07-23 15:20:36,690.93,2026-07-23,686.0,5.71,5.8,5.75,599,1,0.4037,0.7813,0.04589,-0.825,0.047
2026-07-23 15:20:36,690.93,2026-07-23,687.0,5.06,5.1,5,1911,,0.4187,0.7251,0.05001,-1.15,0.0531
2026-07-23 15:20:36,690.93,2026-07-23,688.0,4.36,4.39,4.36,995,1,0.4171,0.6733,0.05428,-1.445,0.0575
2026-07-23 15:20:36,690.93,2026-07-23,689.0,3.57,3.58,3.58,2026,,0.3911,0.6245,0.0609,-1.645,0.0604
2026-07-23 15:20:36,690.93,2026-07-23,690.0,2.99,3.02,2.99,9030,560,0.3942,0.5617,0.06276,-2.075,0.0628
2026-07-23 15:20:36,690.93,2026-07-23,691.0,2.39,2.45,2.42,11221,594,0.385,0.4982,0.06504,-2.42,0.0635
2026-07-23 15:20:36,690.93,2026-07-23,692.0,1.89,1.91,1.91,20123,146,0.3758,0.4319,0.06566,-1.9,0.0626
2026-07-23 15:20:36,690.93,2026-07-23,693.0,1.46,1.48,1.51,31565,184,0.3702,0.3656,0.06378,-1.47,0.0599
2026-07-23 15:20:36,690.93,2026-07-23,694.0,1.15,1.16,1.13,47025,191,0.3731,0.3056,0.05898,-1.155,0.0558
2026-07-23 15:20:36,690.93,2026-07-23,695.0,0.87,0.88,0.88,93538,484,0.372,0.2489,0.05351,-0.875,0.0505
2026-07-23 15:20:36,690.93,2026-07-23,696.0,0.64,0.65,0.65,80948,256,0.3699,0.1976,0.04716,-0.645,0.0443
2026-07-23 15:20:36,690.93,2026-07-23,697.0,0.43,0.44,0.48,78740,443,0.36,0.1476,0.04021,-0.435,0.0367
2026-07-23 15:20:36,690.93,2026-07-23,698.0,0.31,0.32,0.36,61903,690,0.3623,0.1128,0.03317,-0.315,0.0305
2026-07-23 15:20:36,690.93,2026-07-23,699.0,0.25,0.26,0.26,48908,1174,0.3766,0.0917,0.02744,-0.255,0.0262
2026-07-23 15:20:36,690.93,2026-07-23,700.0,0.18,0.19,0.15,110398,935,0.3803,0.0694,0.02201,-0.185,0.0212
2026-07-23 15:20:36,690.93,2026-07-23,701.0,0.09,0.14,0.14,33677,1288,0.373,0.0469,0.0165,-0.115,0.0156
2026-07-23 15:20:36,690.93,2026-07-23,702.0,0.1,0.11,0.11,43805,577,0.3954,0.0412,0.01402,-0.105,0.0141
2026-07-23 15:20:36,690.93,2026-07-23,703.0,0.03,0.04,0.04,42544,951,0.3542,0.0173,0.00757,-0.035,0.0068
2026-07-23 15:20:36,690.93,2026-07-23,704.0,0.02,0.07,0.05,30130,606,0.3931,0.0197,0.00762,-0.045,0.0076
2026-07-23 15:20:36,690.93,2026-07-23,705.0,0.05,0.06,0.05,39688,912,0.4312,0.0217,0.00754,-0.055,0.0083
2026-07-23 15:25:37,688.95,2026-07-23,674.0,14.73,15.38,15.75,96,,0.5086,0.971,0.00826,-0.105,0.0104
2026-07-23 15:25:37,688.95,2026-07-23,675.0,13.81,14.03,14.69,27,118,,,,,
2026-07-23 15:25:37,688.95,2026-07-23,676.0,13.08,13.32,15.74,15,,0.545,0.9372,0.01438,-0.25,0.0194
2026-07-23 15:25:37,688.95,2026-07-23,677.0,11.8,12.53,15.44,46,,0.4937,0.9405,0.01523,-0.215,0.0186
2026-07-23 15:25:37,688.95,2026-07-23,678.0,10.84,11.55,12.43,45,,0.4757,0.9308,0.01778,-0.245,0.021
2026-07-23 15:25:37,688.95,2026-07-23,679.0,9.94,10.53,11.89,34,1,0.4592,0.9183,0.02089,-0.285,0.0238
2026-07-23 15:25:37,688.95,2026-07-23,680.0,9.19,9.44,9.7,254,296,0.454,0.8976,0.02499,-0.365,0.0281
2026-07-23 15:25:37,688.95,2026-07-23,681.0,8.21,8.58,8.63,221,,0.4425,0.876,0.02939,-0.445,0.0322
2026-07-23 15:25:37,688.95,2026-07-23,682.0,7.53,7.6,7.63,382,,0.4498,0.8398,0.03438,-0.615,0.0383
2026-07-23 15:25:37,688.95,2026-07-23,683.0,6.74,6.76,6.7,208,,0.4507,0.8022,0.03919,-0.8,0.0438
2026-07-23 15:25:37,688.95,2026-07-23,684.0,5.68,5.75,5.75,528,,0.3965,0.789,0.0463,-0.765,0.0455
2026-07-23 15:25:37,688.95,2026-07-23,685.0,5.03,5.13,5.44,1422,593,0.4211,0.7274,0.05013,-1.13,0.0523
2026-07-23 15:25:37,688.95,2026-07-23,686.0,4.25,4.28,4.77,744,1,0.4003,0.683,0.05653,-1.315,0.0561
2026-07-23 15:25:37,688.95,2026-07-23,687.0,3.59,3.72,3.67,2055,,0.4071,0.6224,0.0593,-1.705,0.0598
2026-07-23 15:25:37,688.95,2026-07-23,688.0,3.04,3.09,3.06,1533,1,0.4069,0.5618,0.06154,-2.115,0.062
2026-07-23 15:25:37,688.95,2026-07-23,689.0,2.53,2.56,2.56,2535,,0.408,0.4997,0.06212,-2.545,0.0628
2026-07-23 15:25:37,688.95,2026-07-23,690.0,1.96,2.05,2.05,13502,560,0.3959,0.4359,0.06319,-2.005,0.062
2026-07-23 15:25:37,688.95,2026-07-23,691.0,1.6,1.63,1.63,16189,594,0.3978,0.3745,0.06053,-1.615,0.0597
2026-07-23 15:25:37,688.95,2026-07-23,692.0,1.26,1.27,1.27,25093,146,0.3963,0.3153,0.05697,-1.265,0.0559
2026-07-23 15:25:37,688.95,2026-07-23,693.0,0.93,0.94,0.94,34708,184,0.3874,0.2561,0.05278,-0.935,0.0507
2026-07-23 15:25:37,688.95,2026-07-23,694.0,0.69,0.7,0.7,50035,191,0.3848,0.205,0.04692,-0.695,0.0447
2026-07-23 15:25:37,688.95,2026-07-23,695.0,0.51,0.52,0.56,97351,484,0.3849,0.1617,0.04045,-0.515,0.0386
2026-07-23 15:25:37,688.95,2026-07-23,696.0,0.37,0.38,0.38,83223,256,0.3851,0.1251,0.03397,-0.375,0.0324
2026-07-23 15:25:37,688.95,2026-07-23,697.0,0.31,0.32,0.32,79962,443,0.4024,0.1045,0.0286,-0.315,0.0285
2026-07-23 15:25:37,688.95,2026-07-23,698.0,0.23,0.24,0.24,63231,690,0.4066,0.0811,0.02347,-0.235,0.0236
2026-07-23 15:25:37,688.95,2026-07-23,699.0,0.18,0.19,0.15,49994,1174,0.4165,0.0649,0.01932,-0.185,0.0199
2026-07-23 15:25:37,688.95,2026-07-23,700.0,0.14,0.15,0.15,112711,935,0.4257,0.0517,0.0158,-0.145,0.0167
2026-07-23 15:25:37,688.95,2026-07-23,701.0,0.06,0.11,0.11,34299,1288,0.4125,0.0334,0.01146,-0.085,0.0117
2026-07-23 15:25:37,688.95,2026-07-23,702.0,0.08,0.09,0.08,44398,577,0.4402,0.0316,0.01024,-0.085,0.0112
2026-07-23 15:25:37,688.95,2026-07-23,703.0,0.06,0.07,0.03,44051,951,0.4475,0.0246,0.00818,-0.065,0.0091
2026-07-23 15:30:38,688.2,2026-07-23,674.0,14.34,14.6,15.75,96,,0.6031,0.9377,0.01306,-0.27,0.0191
2026-07-23 15:30:38,688.2,2026-07-23,675.0,13.1,13.7,14.02,34,118,0.5313,0.9472,0.01302,-0.2,0.0168
2026-07-23 15:30:38,688.2,2026-07-23,676.0,12.21,12.51,12.99,25,,0.4745,0.9528,0.01333,-0.16,0.0153
2026-07-23 15:30:38,688.2,2026-07-23,677.0,11.44,11.71,15.44,46,,0.5457,0.9092,0.01922,-0.375,0.0255
2026-07-23 15:30:38,688.2,2026-07-23,678.0,10.47,10.51,11.16,47,,0.4751,0.9186,0.02035,-0.29,0.0235
2026-07-23 15:30:38,688.2,2026-07-23,679.0,9.47,9.78,11.89,34,1,0.4893,0.8893,0.02479,-0.425,0.0294
2026-07-23 15:30:38,688.2,2026-07-23,680.0,8.63,8.74,8.85,297,296,0.4695,0.8719,0.02863,-0.485,0.0326
2026-07-23 15:30:38,688.2,2026-07-23,681.0,7.48,7.58,8.189,223,,0.3804,0.8903,0.03167,-0.33,0.0292
2026-07-23 15:30:38,688.2,2026-07-23,682.0,6.79,6.89,7.23,424,,0.4284,0.8265,0.03842,-0.64,0.0399
2026-07-23 15:30:38,688.2,2026-07-23,683.0,5.94,6.04,6.3,331,,0.4181,0.7906,0.04417,-0.79,0.0448
2026-07-23 15:30:38,688.2,2026-07-23,684.0,5.08,5.17,5.33,847,,0.3979,0.7538,0.05085,-0.925,0.0491
2026-07-23 15:30:38,688.2,2026-07-23,685.0,4.38,4.41,4.48,1547,593,0.3968,0.7005,0.0562,-1.195,0.0541
2026-07-23 15:30:38,688.2,2026-07-23,686.0,3.72,3.73,3.85,1089,1,0.3965,0.6419,0.06045,-1.525,0.0582
2026-07-23 15:30:38,688.2,2026-07-23,687.0,3.09,3.16,3.17,2275,,0.3978,0.5796,0.06309,-1.925,0.0609
2026-07-23 15:30:38,688.2,2026-07-23,688.0,2.58,2.6,2.58,2431,1,0.3992,0.5156,0.06409,-2.39,0.0621
2026-07-23 15:30:38,688.2,2026-07-23,689.0,2.029,2.09,2.07,5362,,0.391,0.4505,0.06498,-2.0595,0.0617
2026-07-23 15:30:38,688.2,2026-07-23,690.0,1.59,1.61,1.61,20352,560,0.3836,0.3844,0.06394,-1.6,0.0595
2026-07-23 15:30:38,688.2,2026-07-23,691.0,1.27,1.29,1.28,21722,594,0.3889,0.3248,0.05939,-1.28,0.0561
2026-07-23 15:30:38,688.2,2026-07-23,692.0,0.93,0.94,0.94,29775,146,0.3787,0.2626,0.05526,-0.935,0.0508
2026-07-23 15:30:38,688.2,2026-07-23,693.0,0.74,0.75,0.75,38682,184,0.3883,0.2166,0.04851,-0.745,0.0457
2026-07-23 15:30:38,688.2,2026-07-23,694.0,0.56,0.57,0.57,52926,191,0.3911,0.1734,0.04205,-0.565,0.0399
2026-07-23 15:30:38,688.2,2026-07-23,695.0,0.38,0.43,0.43,102717,484,0.3886,0.1333,0.03556,-0.405,0.0335
2026-07-23 15:30:38,688.2,2026-07-23,696.0,0.32,0.33,0.33,86049,256,0.401,0.1085,0.0298,-0.325,0.029
2026-07-23 15:30:38,688.2,2026-07-23,697.0,0.2,0.25,0.26,81906,443,0.398,0.0803,0.02404,-0.225,0.0232
2026-07-23 15:30:38,688.2,2026-07-23,698.0,0.19,0.2,0.2,64992,690,0.4176,0.0683,0.02025,-0.195,0.0205
2026-07-23 15:30:38,688.2,2026-07-23,699.0,0.15,0.16,0.16,51679,1174,0.4283,0.0549,0.01666,-0.155,0.0173
2026-07-23 15:30:38,688.2,2026-07-23,700.0,0.12,0.13,0.13,116301,935,0.44,0.0446,0.01373,-0.125,0.0147
2026-07-23 15:30:38,688.2,2026-07-23,701.0,0.09,0.1,0.09,34660,1288,0.4465,0.0347,0.01102,-0.095,0.0119
2026-07-23 15:30:38,688.2,2026-07-23,702.0,0.07,0.08,0.07,45179,577,0.4559,0.0277,0.00896,-0.075,0.0099
2026-07-23 15:30:38,688.2,2026-07-23,703.0,0.02,0.07,0.06,44704,951,0.4463,0.0179,0.00634,-0.045,0.0069
2026-07-23 15:35:40,689.64,2026-07-23,675.0,14.84,14.88,13.29,49,118,0.5942,0.9472,0.01171,-0.22,0.0166
2026-07-23 15:35:40,689.64,2026-07-23,676.0,13.64,13.71,12.3,40,,0.3845,0.9899,0.00451,-0.035,0.0042
2026-07-23 15:35:40,689.64,2026-07-23,677.0,12.7,12.82,15.44,46,,0.4629,0.9632,0.01124,-0.12,0.0124
2026-07-23 15:35:40,689.64,2026-07-23,678.0,11.54,11.88,11.11,52,,0.3868,0.9755,0.0096,-0.07,0.0089
2026-07-23 15:35:40,689.64,2026-07-23,679.0,10.82,10.85,10.38,46,1,0.4483,0.9399,0.01721,-0.195,0.0185
2026-07-23 15:35:40,689.64,2026-07-23,680.0,9.66,10.09,9.54,335,296,0.4344,0.9268,0.02069,-0.235,0.0215
2026-07-23 15:35:40,689.64,2026-07-23,681.0,8.96,8.99,8.189,223,,0.4396,0.9008,0.02567,-0.335,0.027
2026-07-23 15:35:40,689.64,2026-07-23,682.0,7.84,8.039,8.21,451,,0.3891,0.9003,0.02909,-0.2995,0.0271
2026-07-23 15:35:40,689.64,2026-07-23,683.0,7.1,7.21,7.14,412,,0.4176,0.8509,0.03596,-0.515,0.0359
2026-07-23 15:35:40,689.64,2026-07-23,684.0,6.3,6.36,6.16,885,,0.4186,0.811,0.04177,-0.69,0.0418
2026-07-23 15:35:40,689.64,2026-07-23,685.0,5.4,5.48,5.39,1815,593,0.3964,0.7782,0.04852,-0.8,0.046
2026-07-23 15:35:40,689.64,2026-07-23,686.0,4.58,4.64,4.73,1509,1,0.3808,0.7345,0.05567,-0.97,0.0507
2026-07-23 15:35:40,689.64,2026-07-23,687.0,3.99,4.019,4,2593,,0.3982,0.6687,0.0589,-1.3645,0.0561
2026-07-23 15:35:40,689.64,2026-07-23,688.0,3.21,3.32,3.28,3076,1,0.3806,0.6125,0.06507,-1.625,0.0592
2026-07-23 15:35:40,689.64,2026-07-23,689.0,2.64,2.67,2.72,8268,,0.375,0.5466,0.06831,-2.015,0.0613
2026-07-23 15:35:40,689.64,2026-07-23,690.0,2.17,2.19,2.19,37477,560,0.3805,0.4783,0.06769,-2.18,0.0616
2026-07-23 15:35:40,689.64,2026-07-23,691.0,1.72,1.73,1.67,28695,594,0.3783,0.4108,0.06648,-1.725,0.0602
2026-07-23 15:35:40,689.64,2026-07-23,692.0,1.28,1.29,1.32,34232,146,0.3668,0.3414,0.06469,-1.285,0.0568
2026-07-23 15:35:40,689.64,2026-07-23,693.0,1,1.01,1.01,41779,184,0.372,0.2824,0.05874,-1.005,0.0523
2026-07-23 15:35:40,689.64,2026-07-23,694.0,0.71,0.72,0.72,56190,191,0.3637,0.2219,0.05289,-0.715,0.046
2026-07-23 15:35:40,689.64,2026-07-23,695.0,0.56,0.57,0.57,107633,484,0.3749,0.1803,0.04531,-0.565,0.0406
2026-07-23 15:35:40,689.64,2026-07-23,696.0,0.37,0.42,0.42,87792,256,0.371,0.1364,0.03811,-0.395,0.0338
2026-07-23 15:35:40,689.64,2026-07-23,697.0,0.31,0.32,0.32,83959,443,0.3841,0.1102,0.03169,-0.315,0.0291
2026-07-23 15:35:40,689.64,2026-07-23,698.0,0.19,0.2,0.24,66300,690,0.3727,0.0757,0.02472,-0.195,0.022
2026-07-23 15:35:40,689.64,2026-07-23,699.0,0.13,0.14,0.18,52856,1174,0.3747,0.0551,0.01921,-0.135,0.0172
2026-07-23 15:35:40,689.64,2026-07-23,700.0,0.13,0.14,0.14,117693,935,0.4059,0.0514,0.0168,-0.135,0.0163
2026-07-23 15:35:40,689.64,2026-07-23,701.0,0.09,0.1,0.1,34799,1288,0.4082,0.0377,0.01301,-0.095,0.0127
2026-07-23 15:35:40,689.64,2026-07-23,702.0,0.03,0.08,0.08,45573,577,0.3986,0.0238,0.00911,-0.055,0.0087
2026-07-23 15:35:40,689.64,2026-07-23,703.0,0.02,0.03,0.06,45708,951,0.3796,0.0123,0.00544,-0.025,0.0049
2026-07-23 15:35:40,689.64,2026-07-23,704.0,0.01,0.06,0.05,31308,606,0.4228,0.0151,0.00583,-0.035,0.0059
2026-07-23 15:40:41,690.41,2026-07-23,676.0,14.74,14.84,12.3,40,,0.6736,0.922,0.01412,-0.38,0.0224
2026-07-23 15:40:41,690.41,2026-07-23,677.0,13.63,13.83,15.44,46,,0.6106,0.9271,0.01479,-0.32,0.0212
2026-07-23 15:40:41,690.41,2026-07-23,678.0,12.56,12.79,11.11,52,,0.549,0.9326,0.01549,-0.265,0.02
2026-07-23 15:40:41,690.41,2026-07-23,679.0,11.74,11.84,11.04,70,1,0.5644,0.9095,0.01885,-0.38,0.025
2026-07-23 15:40:41,690.41,2026-07-23,680.0,10.7,10.81,10.37,392,296,0.5134,0.9099,0.02065,-0.345,0.0249
2026-07-23 15:40:41,690.41,2026-07-23,681.0,9.64,9.68,9.05,815,,0.437,0.9223,0.02169,-0.25,0.0223
2026-07-23 15:40:41,690.41,2026-07-23,682.0,8.7,8.92,8.45,745,,0.4578,0.8873,0.02725,-0.4,0.0293
2026-07-23 15:40:41,690.41,2026-07-23,683.0,7.66,7.89,7.4,900,,0.4068,0.8852,0.03109,-0.365,0.0297
2026-07-23 15:40:41,690.41,2026-07-23,684.0,6.92,6.96,6.92,1025,,0.4155,0.8456,0.03731,-0.53,0.0365
2026-07-23 15:40:41,690.41,2026-07-23,685.0,6.04,6.2,5.75,1919,593,0.4163,0.8045,0.04326,-0.71,0.0424
2026-07-23 15:40:41,690.41,2026-07-23,686.0,5.29,5.33,5.24,1577,1,0.4098,0.7614,0.04931,-0.9,0.0475
2026-07-23 15:40:41,690.41,2026-07-23,687.0,4.56,4.59,4.63,2875,,0.4094,0.7093,0.05459,-1.165,0.0525
2026-07-23 15:40:41,690.41,2026-07-23,688.0,3.84,3.87,3.75,4169,1,0.4019,0.6549,0.05979,-1.445,0.0565
2026-07-23 15:40:41,690.41,2026-07-23,689.0,3.24,3.27,3.11,11509,,0.4054,0.5925,0.06243,-1.845,0.0595
2026-07-23 15:40:41,690.41,2026-07-23,690.0,2.58,2.6,2.58,43898,560,0.3878,0.5302,0.06689,-2.18,0.061
2026-07-23 15:40:41,690.41,2026-07-23,691.0,2.08,2.09,2.029,34366,594,0.3859,0.463,0.06713,-2.085,0.0609
2026-07-23 15:40:41,690.41,2026-07-23,692.0,1.61,1.64,1.61,37743,146,0.3802,0.3952,0.06606,-1.625,0.0591
2026-07-23 15:40:41,690.41,2026-07-23,693.0,1.2,1.25,1.2,45531,184,0.3729,0.328,0.06318,-1.225,0.0554
2026-07-23 15:40:41,690.41,2026-07-23,694.0,0.93,0.95,0.94,58573,191,0.3748,0.2688,0.05741,-0.94,0.0506
2026-07-23 15:40:41,690.41,2026-07-23,695.0,0.66,0.71,0.7,111166,484,0.3712,0.2127,0.05102,-0.685,0.0445
2026-07-23 15:40:41,690.41,2026-07-23,696.0,0.52,0.53,0.52,89272,256,0.378,0.1701,0.04367,-0.525,0.0388
2026-07-23 15:40:41,690.41,2026-07-23,697.0,0.38,0.39,0.38,85235,443,0.3804,0.1318,0.03662,-0.385,0.0328
2026-07-23 15:40:41,690.41,2026-07-23,698.0,0.24,0.25,0.24,68429,690,0.3701,0.0929,0.02928,-0.245,0.0255
2026-07-23 15:40:41,690.41,2026-07-23,699.0,0.21,0.22,0.21,54694,1174,0.3928,0.0792,0.02449,-0.215,0.0226
2026-07-23 15:40:41,690.41,2026-07-23,700.0,0.16,0.17,0.16,119843,935,0.402,0.062,0.01983,-0.165,0.0187
2026-07-23 15:40:41,690.41,2026-07-23,701.0,0.12,0.13,0.12,34921,1288,0.4101,0.048,0.01588,-0.125,0.0153
2026-07-23 15:40:41,690.41,2026-07-23,702.0,0.05,0.06,0.06,45778,577,0.3811,0.025,0.01,-0.055,0.009
2026-07-23 15:40:41,690.41,2026-07-23,703.0,0.03,0.08,0.07,46349,951,0.4082,0.0235,0.00887,-0.055,0.0085
2026-07-23 15:40:41,690.41,2026-07-23,704.0,0.02,0.07,0.03,31399,606,0.422,0.0191,0.0072,-0.045,0.0071
2026-07-23 15:40:41,690.41,2026-07-23,705.0,0.01,0.06,0.05,43518,912,0.4322,0.0149,0.0057,-0.035,0.0058
