run_time,spot,expiration,strike,bid,ask,last,volume,open_interest,iv,delta,gamma,theta,vega
2026-08-03 13:45:16,690.39,2026-08-03,676.0,14.25,14.77,13.05,796,345,0.428,0.9679,0.00911,-0.12,0.0133
2026-08-03 13:45:16,690.39,2026-08-03,677.0,12.27,15.26,10.54,359,363,0.5259,0.9199,0.01536,-0.375,0.0274
2026-08-03 13:45:16,690.39,2026-08-03,678.0,11.74,12.87,10.55,963,1506,,,,,
2026-08-03 13:45:16,690.39,2026-08-03,679.0,10.04,13.27,10.39,501,760,0.4249,0.9299,0.01717,-0.265,0.0248
2026-08-03 13:45:16,690.39,2026-08-03,680.0,10.48,12.26,8.7,48,1057,0.5894,0.8348,0.02286,-0.98,0.0458
2026-08-03 13:45:16,690.39,2026-08-03,681.0,9.5,9.91,8.2,2375,540,0.3838,0.9106,0.02284,-0.315,0.0298
2026-08-03 13:45:16,690.39,2026-08-03,682.0,8.71,8.93,7.8,5655,581,0.387,0.8833,0.0275,-0.43,0.0362
2026-08-03 13:45:16,690.39,2026-08-03,683.0,7.82,7.97,7.03,1,539,0.3729,0.8619,0.03208,-0.505,0.0406
2026-08-03 13:45:16,690.39,2026-08-03,684.0,7.08,7.09,6.29,4,918,0.3797,0.8226,0.03715,-0.695,0.0479
2026-08-03 13:45:16,690.39,2026-08-03,685.0,6.17,6.27,6.13,13,4939,0.3676,0.79,0.04253,-0.83,0.0531
2026-08-03 13:45:16,690.39,2026-08-03,686.0,5.26,5.44,5.41,94,663,0.3496,0.7553,0.04874,-0.96,0.0579
2026-08-03 13:45:16,690.39,2026-08-03,687.0,4.59,4.62,4.59,200,925,0.3468,0.7052,0.05395,-1.215,0.0636
2026-08-03 13:45:16,690.39,2026-08-03,688.0,3.81,3.88,3.81,482,640,0.3342,0.6541,0.05986,-1.455,0.068
2026-08-03 13:45:16,690.39,2026-08-03,689.0,3.22,3.26,3.22,328,456,0.3363,0.5919,0.06264,-1.85,0.0716
2026-08-03 13:45:16,690.39,2026-08-03,690.0,2.53,2.62,2.56,368,3644,0.3215,0.5294,0.06713,-2.185,0.0733
2026-08-03 13:45:16,690.39,2026-08-03,691.0,2.05,2.09,2.05,586,326,0.3198,0.4619,0.06737,-2.07,0.0732
2026-08-03 13:45:16,690.39,2026-08-03,692.0,1.54,1.6,1.53,230,426,0.3092,0.3919,0.0674,-1.57,0.0708
2026-08-03 13:45:16,690.39,2026-08-03,693.0,1.16,1.19,1.17,281,1311,0.3033,0.3235,0.06424,-1.175,0.0662
2026-08-03 13:45:16,690.39,2026-08-03,694.0,0.83,0.86,0.85,1327,1102,0.2966,0.2576,0.05905,-0.845,0.0595
2026-08-03 13:45:16,690.39,2026-08-03,695.0,0.59,0.61,0.61,337,2996,0.2931,0.1997,0.05177,-0.6,0.0516
2026-08-03 13:45:16,690.39,2026-08-03,696.0,0.4,0.42,0.37,169,778,0.2893,0.1492,0.04356,-0.41,0.0428
2026-08-03 13:45:16,690.39,2026-08-03,697.0,0.23,0.25,0.28,150,305,0.2765,0.0998,0.03438,-0.24,0.0323
2026-08-03 13:45:16,690.39,2026-08-03,698.0,0.15,0.2,0.15,138,774,0.2836,0.075,0.02707,-0.175,0.0261
2026-08-03 13:45:16,690.39,2026-08-03,699.0,0.13,0.14,0.13,53,494,0.2943,0.0583,0.02146,-0.135,0.0215
2026-08-03 13:45:16,690.39,2026-08-03,700.0,0.1,0.11,0.1,477,5438,0.3049,0.0455,0.01702,-0.105,0.0176
2026-08-03 13:45:16,690.39,2026-08-03,701.0,0.07,0.08,0.08,92,697,0.3104,0.0334,0.01301,-0.075,0.0137
2026-08-03 13:45:16,690.39,2026-08-03,702.0,0.02,0.07,0.06,93,705,0.3074,0.0215,0.00908,-0.045,0.0095
2026-08-03 13:45:16,690.39,2026-08-03,703.0,0.01,0.02,0.05,17,4585,0.2837,0.0086,0.00447,-0.015,0.0043
2026-08-03 13:45:16,690.39,2026-08-03,704.0,0.01,0.02,0.01,51,2430,0.3032,0.0081,0.00397,-0.015,0.0041
2026-08-03 13:45:16,690.39,2026-08-03,705.0,0.03,0.04,0.02,225,5612,0.3598,0.0149,0.00569,-0.035,0.007
2026-08-03 13:50:18,689.86,2026-08-03,675.0,14.7,15.9,14.89,8,382,0.5981,0.9166,0.01402,-0.44,0.0281
2026-08-03 13:50:18,689.86,2026-08-03,676.0,13.94,15.3,14.08,1,345,0.6638,0.8777,0.0167,-0.76,0.0371
2026-08-03 13:50:18,689.86,2026-08-03,677.0,12.83,14.56,13.17,11,363,0.6489,0.8652,0.01827,-0.835,0.0397
2026-08-03 13:50:18,689.86,2026-08-03,678.0,11.24,13.83,11.38,82,1506,0.573,0.8751,0.01963,-0.675,0.0376
2026-08-03 13:50:18,689.86,2026-08-03,679.0,10.74,12.1,11.38,91,760,0.5082,0.8823,0.02123,-0.56,0.0361
2026-08-03 13:50:18,689.86,2026-08-03,680.0,10.36,10.39,10.36,222,1057,0.4624,0.8815,0.02344,-0.515,0.0363
2026-08-03 13:50:18,689.86,2026-08-03,681.0,9.29,9.74,9.81,54,540,0.4639,0.8553,0.02682,-0.655,0.0417
2026-08-03 13:50:18,689.86,2026-08-03,682.0,8.65,8.79,8.56,67,581,0.473,0.8218,0.03013,-0.86,0.0477
2026-08-03 13:50:18,689.86,2026-08-03,683.0,7.49,7.66,7.49,58,539,0.4046,0.8263,0.03466,-0.715,0.0469
2026-08-03 13:50:18,689.86,2026-08-03,684.0,6.76,6.84,6.76,532,918,0.4102,0.7859,0.03883,-0.94,0.0533
2026-08-03 13:50:18,689.86,2026-08-03,685.0,5.95,5.98,5.85,716,4939,0.3978,0.7512,0.04355,-1.105,0.058
2026-08-03 13:50:18,689.86,2026-08-03,686.0,5.01,5.15,5.01,1775,663,0.3722,0.7178,0.04962,-1.22,0.0618
2026-08-03 13:50:18,689.86,2026-08-03,687.0,4.38,4.39,4.41,7340,925,0.3712,0.6664,0.05355,-1.525,0.0665
2026-08-03 13:50:18,689.86,2026-08-03,688.0,3.6,3.7,3.6,6399,640,0.357,0.6153,0.05851,-1.79,0.0699
2026-08-03 13:50:18,689.86,2026-08-03,689.0,2.96,3,2.96,4625,456,0.3448,0.5574,0.06258,-2.12,0.0722
2026-08-03 13:50:18,689.86,2026-08-03,690.0,2.32,2.33,2.32,7083,3644,0.3266,0.4938,0.06675,-2.325,0.073
2026-08-03 13:50:18,689.86,2026-08-03,691.0,1.86,1.89,1.86,6883,326,0.3276,0.4277,0.06547,-1.875,0.0718
2026-08-03 13:50:18,689.86,2026-08-03,692.0,1.36,1.37,1.36,2936,426,0.3104,0.3563,0.06564,-1.365,0.0682
2026-08-03 13:50:18,689.86,2026-08-03,693.0,0.98,1,0.98,6701,1311,0.3018,0.2879,0.06178,-0.99,0.0624
2026-08-03 13:50:18,689.86,2026-08-03,694.0,0.73,0.74,0.73,7266,1102,0.3019,0.2298,0.05494,-0.735,0.0555
2026-08-03 13:50:18,689.86,2026-08-03,695.0,0.47,0.52,0.53,5891,2996,0.2938,0.1723,0.04749,-0.495,0.0467
2026-08-03 13:50:18,689.86,2026-08-03,696.0,0.34,0.35,0.35,2336,778,0.2934,0.129,0.0392,-0.345,0.0385
2026-08-03 13:50:18,689.86,2026-08-03,697.0,0.24,0.25,0.24,2841,305,0.2964,0.0964,0.03151,-0.245,0.0313
2026-08-03 13:50:18,689.86,2026-08-03,698.0,0.12,0.13,0.16,1432,774,0.2791,0.0574,0.02254,-0.125,0.0211
2026-08-03 13:50:18,689.86,2026-08-03,699.0,0.07,0.08,0.11,592,494,0.2769,0.0372,0.01602,-0.075,0.0149
2026-08-03 13:50:18,689.86,2026-08-03,700.0,0.08,0.09,0.08,3308,5438,0.3082,0.0378,0.01458,-0.085,0.015
2026-08-03 13:50:18,689.86,2026-08-03,701.0,0.07,0.08,0.07,588,697,0.3254,0.0323,0.01214,-0.075,0.0132
2026-08-03 13:50:18,689.86,2026-08-03,702.0,0.01,0.06,0.05,845,705,0.3098,0.0172,0.00751,-0.035,0.0078
2026-08-03 13:50:18,689.86,2026-08-03,703.0,0.04,0.05,0.04,656,4585,0.3437,0.0196,0.00757,-0.045,0.0087
2026-08-03 13:50:18,689.86,2026-08-03,704.0,0.04,0.05,0.02,268,2430,0.3656,0.0186,0.00679,-0.045,0.0083
2026-08-03 13:55:19,690.93,2026-08-03,676.0,15,15.14,14.65,2,345,0.4623,0.9643,0.00934,-0.14,0.0143
2026-08-03 13:55:19,690.93,2026-08-03,677.0,13.96,14.33,13.43,13,363,0.48,0.9473,0.0123,-0.215,0.0196
2026-08-03 13:55:19,690.93,2026-08-03,678.0,12,13.18,12.48,126,1506,,,,,
2026-08-03 13:55:19,690.93,2026-08-03,679.0,11.35,12.14,11.65,123,760,,,,,
2026-08-03 13:55:19,690.93,2026-08-03,680.0,10.85,11.52,11.1,305,1057,0.413,0.9298,0.01791,-0.255,0.0245
2026-08-03 13:55:19,690.93,2026-08-03,681.0,10.09,10.49,9.93,79,540,0.4208,0.9056,0.02196,-0.36,0.0306
2026-08-03 13:55:19,690.93,2026-08-03,682.0,9.33,9.5,9.12,150,581,0.4254,0.8789,0.02601,-0.485,0.0367
2026-08-03 13:55:19,690.93,2026-08-03,683.0,8.3,8.44,8.23,106,539,0.3795,0.8776,0.02938,-0.44,0.0369
2026-08-03 13:55:19,690.93,2026-08-03,684.0,7.47,7.7,7.47,641,918,0.3963,0.8349,0.03443,-0.655,0.0452
2026-08-03 13:55:19,690.93,2026-08-03,685.0,6.4,6.7,6.37,1228,4939,0.3513,0.8262,0.04014,-0.62,0.0467
2026-08-03 13:55:19,690.93,2026-08-03,686.0,5.7,5.88,5.74,2409,663,0.3592,0.7778,0.04556,-0.86,0.0542
2026-08-03 13:55:19,690.93,2026-08-03,687.0,4.92,5,4.95,9454,925,0.346,0.7369,0.05183,-1.03,0.0594
2026-08-03 13:55:19,690.93,2026-08-03,688.0,4.22,4.26,4.22,9586,640,0.3439,0.6833,0.05688,-1.31,0.0648
2026-08-03 13:55:19,690.93,2026-08-03,689.0,3.37,3.52,3.37,10498,456,0.323,0.6318,0.06413,-1.515,0.0686
2026-08-03 13:55:19,690.93,2026-08-03,690.0,2.67,2.76,2.73,20057,3644,0.3042,0.5698,0.07095,-1.785,0.0715
2026-08-03 13:55:19,690.93,2026-08-03,691.0,2.06,2.08,2.17,18081,326,0.2885,0.4978,0.07598,-2.07,0.0726
2026-08-03 13:55:19,690.93,2026-08-03,692.0,1.64,1.65,1.64,11385,426,0.293,0.4236,0.07345,-1.645,0.0713
2026-08-03 13:55:19,690.93,2026-08-03,693.0,1.12,1.18,1.12,15991,1311,0.2765,0.3435,0.07309,-1.15,0.0669
2026-08-03 13:55:19,690.93,2026-08-03,694.0,0.8,0.86,0.8,14137,1102,0.2741,0.2722,0.06654,-0.83,0.0604
2026-08-03 13:55:19,690.93,2026-08-03,695.0,0.52,0.57,0.54,14440,2996,0.2651,0.2024,0.05843,-0.545,0.0513
2026-08-03 13:55:19,690.93,2026-08-03,696.0,0.34,0.39,0.37,6837,778,0.2635,0.1479,0.04816,-0.365,0.042
2026-08-03 13:55:19,690.93,2026-08-03,697.0,0.21,0.23,0.26,7044,305,0.2571,0.0996,0.0374,-0.22,0.0319
2026-08-03 13:55:19,690.93,2026-08-03,698.0,0.14,0.19,0.17,3723,774,0.2679,0.0757,0.02923,-0.165,0.0259
2026-08-03 13:55:19,690.93,2026-08-03,699.0,0.12,0.13,0.09,1072,494,0.2787,0.0578,0.02279,-0.125,0.021
2026-08-03 13:55:19,690.93,2026-08-03,700.0,0.05,0.1,0.08,9135,5438,0.2766,0.0374,0.01619,-0.075,0.0148
2026-08-03 13:55:19,690.93,2026-08-03,701.0,0.03,0.04,0.07,2123,697,0.2659,0.0198,0.00991,-0.035,0.0087
2026-08-03 13:55:19,690.93,2026-08-03,702.0,0.01,0.02,0.02,1278,705,0.2566,0.0095,0.00548,-0.015,0.0047
2026-08-03 13:55:19,690.93,2026-08-03,703.0,0.04,0.05,0.04,1480,4585,0.3217,0.0209,0.00858,-0.045,0.0091
2026-08-03 13:55:19,690.93,2026-08-03,704.0,0.01,0.02,0.04,636,2430,0.2965,0.0084,0.00423,-0.015,0.0042
2026-08-03 13:55:19,690.93,2026-08-03,705.0,0.01,0.02,0.03,1047,5612,0.3161,0.0079,0.00377,-0.015,0.0039
2026-08-03 14:00:21,692.55,2026-08-03,678.0,13.86,17,12.48,126,1506,0.7252,0.8709,0.01602,-0.875,0.0381
2026-08-03 14:00:21,692.55,2026-08-03,679.0,12.61,14.84,12.62,132,760,0.4475,0.9551,0.01166,-0.17,0.0171
2026-08-03 14:00:21,692.55,2026-08-03,680.0,12.43,13.35,11.15,391,1057,0.495,0.9224,0.01619,-0.335,0.0263
2026-08-03 14:00:21,692.55,2026-08-03,681.0,11.48,12.74,10.25,110,540,0.5352,0.887,0.01977,-0.555,0.0347
2026-08-03 14:00:21,692.55,2026-08-03,682.0,9.13,12.7,9.82,175,581,0.4424,0.9091,0.02041,-0.36,0.0296
2026-08-03 14:00:21,692.55,2026-08-03,683.0,9.67,10.59,9.81,274,539,0.4729,0.8711,0.02455,-0.575,0.0381
2026-08-03 14:00:21,692.55,2026-08-03,684.0,8.27,10.12,8.26,675,918,0.4541,0.8543,0.0278,-0.64,0.0414
2026-08-03 14:00:21,692.55,2026-08-03,685.0,8.06,8.25,8.039,1543,4939,0.4085,0.8496,0.03157,-0.6,0.0423
2026-08-03 14:00:21,692.55,2026-08-03,686.0,7.13,7.33,7.35,2881,663,0.3885,0.8274,0.03631,-0.675,0.0463
2026-08-03 14:00:21,692.55,2026-08-03,687.0,6.29,6.39,6.43,10501,925,0.3721,0.7982,0.04175,-0.785,0.051
2026-08-03 14:00:21,692.55,2026-08-03,688.0,5.22,5.35,5.55,12274,640,0.321,0.7863,0.05007,-0.73,0.0527
2026-08-03 14:00:21,692.55,2026-08-03,689.0,4.46,4.65,4.43,14913,456,0.3256,0.7297,0.05609,-1.0,0.0599
2026-08-03 14:00:21,692.55,2026-08-03,690.0,3.66,3.86,3.66,29768,3644,0.3106,0.6782,0.0637,-1.205,0.0649
2026-08-03 14:00:21,692.55,2026-08-03,691.0,2.95,3.1,2.95,26596,326,0.2973,0.6167,0.07089,-1.47,0.0692
2026-08-03 14:00:21,692.55,2026-08-03,692.0,2.32,2.42,2.32,17118,426,0.2865,0.5456,0.07637,-1.815,0.0718
2026-08-03 14:00:21,692.55,2026-08-03,693.0,1.74,1.79,1.74,21459,1311,0.2725,0.4672,0.08054,-1.765,0.072
2026-08-03 14:00:21,692.55,2026-08-03,694.0,1.21,1.3,1.21,17510,1102,0.2602,0.3826,0.08096,-1.255,0.0691
2026-08-03 14:00:21,692.55,2026-08-03,695.0,0.85,0.87,0.85,20924,2996,0.2516,0.2988,0.07616,-0.86,0.0629
2026-08-03 14:00:21,692.55,2026-08-03,696.0,0.57,0.59,0.57,10027,778,0.2479,0.2244,0.06667,-0.58,0.0543
2026-08-03 14:00:21,692.55,2026-08-03,697.0,0.32,0.38,0.37,9609,305,0.2392,0.1551,0.05502,-0.35,0.0432
2026-08-03 14:00:21,692.55,2026-08-03,698.0,0.23,0.25,0.21,4915,774,0.2447,0.112,0.04298,-0.24,0.0345
2026-08-03 14:00:21,692.55,2026-08-03,699.0,0.16,0.17,0.13,1685,494,0.2509,0.0802,0.03278,-0.165,0.027
2026-08-03 14:00:21,692.55,2026-08-03,700.0,0.11,0.12,0.11,10481,5438,0.2583,0.0576,0.02467,-0.115,0.0209
2026-08-03 14:00:21,692.55,2026-08-03,701.0,0.08,0.09,0.06,2946,697,0.2686,0.0429,0.01876,-0.085,0.0165
2026-08-03 14:00:21,692.55,2026-08-03,702.0,0.06,0.07,0.05,1954,705,0.28,0.0328,0.01443,-0.065,0.0133
2026-08-03 14:00:21,692.55,2026-08-03,703.0,0.05,0.06,0.05,2402,4585,0.2957,0.027,0.01162,-0.055,0.0113
2026-08-03 14:00:21,692.55,2026-08-03,704.0,0.01,0.02,0.04,1235,2430,0.2654,0.0093,0.0052,-0.015,0.0045
2026-08-03 14:00:21,692.55,2026-08-03,705.0,0.03,0.04,0.02,1709,5612,0.3195,0.0169,0.00723,-0.035,0.0076
2026-08-03 14:00:21,692.55,2026-08-03,706.0,0.01,0.04,0.03,110,2676,0.3257,0.0123,0.00539,-0.025,0.0058
2026-08-03 14:00:21,692.55,2026-08-03,707.0,0,0.01,0.01,512,2863,0.3101,0.0056,0.00284,-0.01,0.0029
2026-08-03 14:05:24,691.53,2026-08-03,677.0,14.67,16.17,13.43,13,363,0.7334,0.8699,0.01606,-0.885,0.038
2026-08-03 14:05:24,691.53,2026-08-03,678.0,13.32,15.22,14.03,127,1506,0.6582,0.8783,0.01709,-0.735,0.0363
2026-08-03 14:05:24,691.53,2026-08-03,679.0,12.4,13.06,12.05,138,760,0.4372,0.9473,0.0137,-0.195,0.0193
2026-08-03 14:05:24,691.53,2026-08-03,680.0,11.47,12.68,11.57,432,1057,0.5348,0.8888,0.01973,-0.54,0.034
2026-08-03 14:05:24,691.53,2026-08-03,681.0,10.38,11.05,10.27,137,540,0.3736,0.9441,0.0168,-0.18,0.0202
2026-08-03 14:05:24,691.53,2026-08-03,682.0,9.6,10.25,9.54,207,581,0.4234,0.8981,0.0234,-0.39,0.032
2026-08-03 14:05:24,691.53,2026-08-03,683.0,8.69,9.12,9.04,327,539,0.3846,0.8945,0.0264,-0.37,0.0328
2026-08-03 14:05:24,691.53,2026-08-03,684.0,7.94,8.09,7.68,763,918,0.3816,0.8672,0.03132,-0.48,0.0386
2026-08-03 14:05:24,691.53,2026-08-03,685.0,7.08,7.15,7.08,1730,4939,0.3699,0.8404,0.03656,-0.58,0.0436
2026-08-03 14:05:24,691.53,2026-08-03,686.0,6.06,6.09,6.08,3122,663,0.3235,0.8325,0.04314,-0.54,0.045
2026-08-03 14:05:24,691.53,2026-08-03,687.0,5.15,5.28,5.43,11235,925,0.3133,0.7928,0.05081,-0.68,0.0514
2026-08-03 14:05:24,691.53,2026-08-03,688.0,4.49,4.56,4.49,13301,640,0.3258,0.7302,0.05649,-0.99,0.0594
2026-08-03 14:05:24,691.53,2026-08-03,689.0,3.68,3.73,3.77,18043,456,0.3069,0.6802,0.06486,-1.17,0.0642
2026-08-03 14:05:24,691.53,2026-08-03,690.0,2.91,3.02,2.91,37317,3644,0.2929,0.6178,0.0725,-1.43,0.0685
2026-08-03 14:05:24,691.53,2026-08-03,691.0,2.26,2.32,2.29,35259,326,0.2793,0.5455,0.07902,-1.755,0.0712
2026-08-03 14:05:24,691.53,2026-08-03,692.0,1.75,1.77,1.72,23684,426,0.2755,0.4656,0.08033,-1.76,0.0714
2026-08-03 14:05:24,691.53,2026-08-03,693.0,1.28,1.3,1.25,25496,1311,0.2686,0.3837,0.07915,-1.29,0.0686
2026-08-03 14:05:24,691.53,2026-08-03,694.0,0.86,0.91,0.92,20946,1102,0.2587,0.3009,0.07493,-0.885,0.0625
2026-08-03 14:05:24,691.53,2026-08-03,695.0,0.57,0.62,0.61,26964,2996,0.2537,0.2264,0.06604,-0.595,0.0541
2026-08-03 14:05:24,691.53,2026-08-03,696.0,0.41,0.42,0.41,11897,778,0.2567,0.1692,0.0547,-0.415,0.0453
2026-08-03 14:05:24,691.53,2026-08-03,697.0,0.27,0.28,0.27,10603,305,0.2574,0.121,0.04353,-0.275,0.0361
2026-08-03 14:05:24,691.53,2026-08-03,698.0,0.18,0.19,0.17,5739,774,0.261,0.0861,0.03352,-0.185,0.0282
2026-08-03 14:05:24,691.53,2026-08-03,699.0,0.13,0.14,0.12,2127,494,0.2703,0.064,0.02582,-0.135,0.0225
2026-08-03 14:05:24,691.53,2026-08-03,700.0,0.05,0.1,0.06,11581,5438,0.2651,0.0392,0.01782,-0.075,0.0152
2026-08-03 14:05:24,691.53,2026-08-03,701.0,0.03,0.08,0.07,3373,697,0.2749,0.029,0.01339,-0.055,0.0119
2026-08-03 14:05:24,691.53,2026-08-03,702.0,0.05,0.06,0.05,1997,705,0.2988,0.0269,0.01159,-0.055,0.0112
2026-08-03 14:05:24,691.53,2026-08-03,703.0,0.04,0.05,0.03,2732,4585,0.3122,0.0217,0.00925,-0.045,0.0093
2026-08-03 14:05:24,691.53,2026-08-03,704.0,0.01,0.02,0.04,1248,2430,0.2883,0.0087,0.00456,-0.015,0.0042
2026-08-03 14:05:24,691.53,2026-08-03,705.0,0.01,0.04,0.03,1769,5612,0.3289,0.0122,0.00538,-0.025,0.0057
2026-08-03 14:05:24,691.53,2026-08-03,706.0,0.03,0.04,0.03,114,2676,0.3662,0.015,0.00577,-0.035,0.0068
2026-08-03 14:10:25,691.95,2026-08-03,677.0,15.47,16.27,13.43,13,363,0.7623,0.8691,0.01562,-0.92,0.0379
2026-08-03 14:10:25,691.95,2026-08-03,678.0,14.04,15.26,14.03,130,1506,0.667,0.8838,0.01643,-0.7,0.0349
2026-08-03 14:10:25,691.95,2026-08-03,679.0,12.81,13.73,12.92,141,760,0.5088,0.9262,0.01539,-0.32,0.0249
2026-08-03 14:10:25,691.95,2026-08-03,680.0,11.96,12.64,11.95,449,1057,0.4897,0.9175,0.01742,-0.35,0.0272
2026-08-03 14:10:25,691.95,2026-08-03,681.0,11.32,11.93,10.94,206,540,0.5558,0.8691,0.02143,-0.675,0.0379
2026-08-03 14:10:25,691.95,2026-08-03,682.0,9.9,10.96,9.23,265,581,0.4673,0.8869,0.023,-0.48,0.0342
2026-08-03 14:10:25,691.95,2026-08-03,683.0,9.24,10.02,9.1,384,539,0.4853,0.8529,0.02658,-0.68,0.0411
2026-08-03 14:10:25,691.95,2026-08-03,684.0,8.53,9.05,8.68,877,918,0.4843,0.8248,0.02985,-0.84,0.046
2026-08-03 14:10:25,691.95,2026-08-03,685.0,7.81,7.89,7.75,1843,4939,0.4575,0.8062,0.03365,-0.9,0.049
2026-08-03 14:10:25,691.95,2026-08-03,686.0,6.83,6.95,6.52,3324,663,0.4245,0.7873,0.03834,-0.94,0.0518
2026-08-03 14:10:25,691.95,2026-08-03,687.0,5.82,5.97,5.99,11689,925,0.3831,0.7687,0.04456,-0.945,0.0544
2026-08-03 14:10:25,691.95,2026-08-03,688.0,5.18,5.26,5.18,14658,640,0.3943,0.716,0.04818,-1.27,0.0605
2026-08-03 14:10:25,691.95,2026-08-03,689.0,4.21,4.4,4.37,20015,456,0.3589,0.6806,0.05579,-1.355,0.0638
2026-08-03 14:10:25,691.95,2026-08-03,690.0,3.55,3.59,3.55,44333,3644,0.3461,0.627,0.06129,-1.62,0.0676
2026-08-03 14:10:25,691.95,2026-08-03,691.0,2.73,2.8,2.73,46863,326,0.3158,0.57,0.06969,-1.815,0.0701
2026-08-03 14:10:25,691.95,2026-08-03,692.0,2.12,2.15,2.12,31860,426,0.302,0.4993,0.07402,-2.135,0.0712
2026-08-03 14:10:25,691.95,2026-08-03,693.0,1.56,1.58,1.56,30429,1311,0.2869,0.4218,0.07642,-1.57,0.0698
2026-08-03 14:10:25,691.95,2026-08-03,694.0,1.08,1.1,1.08,25250,1102,0.2719,0.3393,0.07547,-1.09,0.0653
2026-08-03 14:10:25,691.95,2026-08-03,695.0,0.74,0.75,0.74,32856,2996,0.2642,0.2618,0.06903,-0.745,0.0581
2026-08-03 14:10:25,691.95,2026-08-03,696.0,0.48,0.49,0.48,14302,778,0.2575,0.1919,0.0594,-0.485,0.0487
2026-08-03 14:10:25,691.95,2026-08-03,697.0,0.32,0.33,0.28,12018,305,0.2582,0.1391,0.04809,-0.325,0.0395
2026-08-03 14:10:25,691.95,2026-08-03,698.0,0.16,0.21,0.15,6668,774,0.25,0.0897,0.03631,-0.185,0.0289
2026-08-03 14:10:25,691.95,2026-08-03,699.0,0.09,0.1,0.1,2559,494,0.2413,0.0525,0.0249,-0.095,0.0191
2026-08-03 14:10:25,691.95,2026-08-03,700.0,0.09,0.1,0.06,12428,5438,0.2681,0.048,0.02085,-0.095,0.0178
2026-08-03 14:10:25,691.95,2026-08-03,701.0,0.03,0.04,0.06,3665,697,0.2478,0.0214,0.0116,-0.035,0.0092
2026-08-03 14:10:25,691.95,2026-08-03,702.0,0.01,0.02,0.02,2149,705,0.2407,0.0103,0.00636,-0.015,0.0049
2026-08-03 14:10:25,691.95,2026-08-03,703.0,0.04,0.05,0.02,2748,4585,0.3047,0.0223,0.00976,-0.045,0.0095
2026-08-03 14:10:25,691.95,2026-08-03,704.0,0.04,0.05,0.04,1256,2430,0.3277,0.0209,0.0086,-0.045,0.009
2026-08-03 14:10:25,691.95,2026-08-03,705.0,0.01,0.04,0.02,1809,5612,0.3223,0.0125,0.00564,-0.025,0.0058
2026-08-03 14:10:25,691.95,2026-08-03,706.0,0.01,0.02,0.03,116,2676,0.322,0.0079,0.00378,-0.015,0.0039
2026-08-03 14:15:26,691.78,2026-08-03,677.0,15.03,16.48,13.43,13,363,0.7764,0.8639,0.01588,-0.975,0.0387
2026-08-03 14:15:26,691.78,2026-08-03,678.0,14.02,15.96,13.96,130,1506,0.7966,0.8409,0.01718,-1.21,0.0429
2026-08-03 14:15:26,691.78,2026-08-03,679.0,12.81,13.55,13.19,141,760,0.5378,0.9136,0.01654,-0.4,0.0279
2026-08-03 14:15:26,691.78,2026-08-03,680.0,11.67,12.64,12.39,503,1057,0.4971,0.9128,0.01802,-0.375,0.0281
2026-08-03 14:15:26,691.78,2026-08-03,681.0,11.04,12.83,12.34,212,540,0.6679,0.8235,0.02191,-1.155,0.0459
2026-08-03 14:15:26,691.78,2026-08-03,682.0,9.98,10.82,10.74,297,581,0.5038,0.867,0.02408,-0.62,0.0381
2026-08-03 14:15:26,691.78,2026-08-03,683.0,8.97,10.2,10,441,539,0.5122,0.8371,0.02713,-0.805,0.0436
2026-08-03 14:15:26,691.78,2026-08-03,684.0,8.14,8.43,8.23,1002,918,0.4024,0.8656,0.03038,-0.505,0.0383
2026-08-03 14:15:26,691.78,2026-08-03,685.0,7.15,7.38,7.38,2045,4939,0.3613,0.8582,0.03508,-0.485,0.0398
2026-08-03 14:15:26,691.78,2026-08-03,686.0,6.14,6.3,6.45,3443,663,0.3138,0.8536,0.04128,-0.44,0.0406
2026-08-03 14:15:26,691.78,2026-08-03,687.0,5.29,5.55,5.55,12207,925,0.3198,0.8035,0.04889,-0.64,0.0491
2026-08-03 14:15:26,691.78,2026-08-03,688.0,4.65,4.68,4.7,15472,640,0.3234,0.7483,0.05567,-0.885,0.0565
2026-08-03 14:15:26,691.78,2026-08-03,689.0,3.74,3.76,3.76,21810,456,0.2913,0.708,0.06657,-0.97,0.0608
2026-08-03 14:15:26,691.78,2026-08-03,690.0,3.04,3.09,3.09,49565,3644,0.2891,0.6389,0.07313,-1.285,0.0663
2026-08-03 14:15:26,691.78,2026-08-03,691.0,2.31,2.4,2.41,55329,326,0.2731,0.567,0.08129,-1.575,0.0697
2026-08-03 14:15:26,691.78,2026-08-03,692.0,1.73,1.76,1.76,47198,426,0.2609,0.484,0.08628,-1.745,0.0706
2026-08-03 14:15:26,691.78,2026-08-03,693.0,1.23,1.25,1.25,43907,1311,0.2511,0.395,0.08656,-1.24,0.0682
2026-08-03 14:15:26,691.78,2026-08-03,694.0,0.85,0.87,0.87,35423,1102,0.2464,0.3084,0.08066,-0.86,0.0623
2026-08-03 14:15:26,691.78,2026-08-03,695.0,0.56,0.58,0.58,47074,2996,0.2423,0.2294,0.07065,-0.57,0.0537
2026-08-03 14:15:26,691.78,2026-08-03,696.0,0.32,0.37,0.37,19685,778,0.2353,0.1582,0.05796,-0.345,0.0428
2026-08-03 14:15:26,691.78,2026-08-03,697.0,0.23,0.24,0.24,16272,305,0.2414,0.1134,0.04495,-0.235,0.034
2026-08-03 14:15:26,691.78,2026-08-03,698.0,0.16,0.17,0.17,8039,774,0.2499,0.0821,0.03424,-0.165,0.0268
2026-08-03 14:15:26,691.78,2026-08-03,699.0,0.11,0.12,0.08,3624,494,0.2579,0.0588,0.02567,-0.115,0.0208
2026-08-03 14:15:26,691.78,2026-08-03,700.0,0.05,0.06,0.1,14483,5438,0.2482,0.0321,0.01636,-0.055,0.0127
2026-08-03 14:15:26,691.78,2026-08-03,701.0,0.03,0.08,0.06,4178,697,0.2728,0.0295,0.0139,-0.055,0.0119
2026-08-03 14:15:26,691.78,2026-08-03,702.0,0.06,0.07,0.03,2852,705,0.3056,0.031,0.0129,-0.065,0.0124
2026-08-03 14:15:26,691.78,2026-08-03,703.0,0.05,0.06,0.03,3012,4585,0.321,0.0256,0.01048,-0.055,0.0106
2026-08-03 14:15:26,691.78,2026-08-03,704.0,0.04,0.05,0.04,1415,2430,0.334,0.0207,0.00842,-0.045,0.0088
2026-08-03 14:15:26,691.78,2026-08-03,705.0,0.04,0.05,0.04,2071,5612,0.3569,0.0195,0.0075,-0.045,0.0084
2026-08-03 14:15:26,691.78,2026-08-03,706.0,0.03,0.04,0.03,117,2676,0.366,0.0152,0.00592,-0.035,0.0068
2026-08-03 14:20:28,693.54,2026-08-03,679.0,14.26,14.93,13.19,141,760,0.3853,0.985,0.00556,-0.055,0.0067
2026-08-03 14:20:28,693.54,2026-08-03,680.0,13.7,14.05,13.05,504,1057,0.5395,0.926,0.01473,-0.335,0.0247
2026-08-03 14:20:28,693.54,2026-08-03,681.0,12.3,13.49,12.08,225,540,0.5163,0.9191,0.01647,-0.355,0.0264
2026-08-03 14:20:28,693.54,2026-08-03,682.0,11.05,11.82,11.17,307,581,,,,,
2026-08-03 14:20:28,693.54,2026-08-03,683.0,10.42,10.88,10.09,482,539,0.3405,0.9622,0.0137,-0.11,0.0145
2026-08-03 14:20:28,693.54,2026-08-03,684.0,9.07,10.06,9.02,1298,918,0.2125,0.9949,0.0039,-0.025,0.0026
2026-08-03 14:20:28,693.54,2026-08-03,685.0,8.57,8.86,8.28,2274,4939,0.3207,0.9367,0.02197,-0.175,0.0219
2026-08-03 14:20:28,693.54,2026-08-03,686.0,7.69,7.88,7.68,3509,663,0.3183,0.9129,0.02825,-0.245,0.0279
2026-08-03 14:20:28,693.54,2026-08-03,687.0,6.79,7.04,6.87,12469,925,0.3256,0.8754,0.03578,-0.375,0.0362
2026-08-03 14:20:28,693.54,2026-08-03,688.0,5.88,6.09,5.95,15822,640,0.3077,0.8492,0.04314,-0.445,0.0413
2026-08-03 14:20:28,693.54,2026-08-03,689.0,4.99,5.08,5.13,22451,456,0.2812,0.8229,0.0524,-0.495,0.0458
2026-08-03 14:20:28,693.54,2026-08-03,690.0,4.16,4.18,4.17,52031,3644,0.2677,0.7762,0.06335,-0.63,0.0527
2026-08-03 14:20:28,693.54,2026-08-03,691.0,3.35,3.39,3.35,58875,326,0.2578,0.7148,0.07473,-0.83,0.0599
2026-08-03 14:20:28,693.54,2026-08-03,692.0,2.67,2.71,2.67,56703,426,0.2569,0.6361,0.08294,-1.15,0.0662
2026-08-03 14:20:28,693.54,2026-08-03,693.0,1.98,2.02,1.98,57087,1311,0.2427,0.5533,0.09243,-1.46,0.0697
2026-08-03 14:20:28,693.54,2026-08-03,694.0,1.42,1.44,1.42,43406,1102,0.2333,0.4585,0.09649,-1.43,0.0699
2026-08-03 14:20:28,693.54,2026-08-03,695.0,0.93,0.99,0.93,57230,2996,0.224,0.3588,0.09465,-0.96,0.0659
2026-08-03 14:20:28,693.54,2026-08-03,696.0,0.63,0.64,0.63,23746,778,0.2216,0.2673,0.08422,-0.635,0.058
2026-08-03 14:20:28,693.54,2026-08-03,697.0,0.36,0.41,0.36,18452,305,0.2166,0.185,0.06993,-0.385,0.0471
2026-08-03 14:20:28,693.54,2026-08-03,698.0,0.25,0.26,0.23,10336,774,0.2225,0.1301,0.05397,-0.255,0.0373
2026-08-03 14:20:28,693.54,2026-08-03,699.0,0.16,0.17,0.16,4166,494,0.2278,0.089,0.04012,-0.165,0.0284
2026-08-03 14:20:28,693.54,2026-08-03,700.0,0.11,0.12,0.08,15736,5438,0.2376,0.0633,0.02966,-0.115,0.0219
2026-08-03 14:20:28,693.54,2026-08-03,701.0,0.04,0.05,0.08,4631,697,0.2224,0.0297,0.01722,-0.045,0.0119
2026-08-03 14:20:28,693.54,2026-08-03,702.0,0.06,0.07,0.04,3625,705,0.263,0.0354,0.01684,-0.065,0.0138
2026-08-03 14:20:28,693.54,2026-08-03,703.0,0.05,0.06,0.05,3524,4585,0.28,0.029,0.01339,-0.055,0.0117
2026-08-03 14:20:28,693.54,2026-08-03,704.0,0.04,0.05,0.04,1977,2430,0.2946,0.0232,0.01057,-0.045,0.0097
2026-08-03 14:20:28,693.54,2026-08-03,705.0,0.01,0.05,0.01,2139,5612,0.2995,0.0159,0.00756,-0.03,0.007
2026-08-03 14:20:28,693.54,2026-08-03,706.0,0.01,0.04,0.02,150,2676,0.3136,0.013,0.00605,-0.025,0.0059
2026-08-03 14:20:28,693.54,2026-08-03,707.0,0.03,0.04,0.01,668,2863,0.351,0.0159,0.00643,-0.035,0.007
2026-08-03 14:20:28,693.54,2026-08-03,708.0,0.03,0.04,0.02,1181,1527,0.373,0.0151,0.00578,-0.035,0.0067
2026-08-03 14:25:29,694.42,2026-08-03,680.0,14.61,15.04,13.61,506,1057,0.5981,0.9193,0.01429,-0.405,0.0262
2026-08-03 14:25:29,694.42,2026-08-03,681.0,12.77,13.91,12.62,240,540,,,,,
2026-08-03 14:25:29,694.42,2026-08-03,682.0,11.8,13.05,11.85,326,581,,,,,
2026-08-03 14:25:29,694.42,2026-08-03,683.0,10.43,11.71,10.52,488,539,,,,,
2026-08-03 14:25:29,694.42,2026-08-03,684.0,10.39,10.72,10.47,1306,918,0.3556,0.9548,0.01528,-0.135,0.0167
2026-08-03 14:25:29,694.42,2026-08-03,685.0,9.64,9.78,8.81,2324,4939,0.3965,0.9151,0.02237,-0.29,0.0272
2026-08-03 14:25:29,694.42,2026-08-03,686.0,8.39,8.61,8.46,3585,663,0.265,0.9665,0.01604,-0.08,0.013
2026-08-03 14:25:29,694.42,2026-08-03,687.0,7.6,7.86,7.7,12627,925,0.3384,0.8972,0.0302,-0.31,0.0314
2026-08-03 14:25:29,694.42,2026-08-03,688.0,6.7,6.88,6.8,16032,640,0.3221,0.8751,0.03647,-0.37,0.0361
2026-08-03 14:25:29,694.42,2026-08-03,689.0,5.78,5.89,5.78,22847,456,0.2979,0.8532,0.04405,-0.415,0.0403
2026-08-03 14:25:29,694.42,2026-08-03,690.0,4.84,4.97,4.84,54146,3644,0.2761,0.8223,0.05381,-0.485,0.0456
2026-08-03 14:25:29,694.42,2026-08-03,691.0,4.1,4.12,4.1,61935,326,0.2754,0.7636,0.06389,-0.69,0.054
2026-08-03 14:25:29,694.42,2026-08-03,692.0,3.3,3.32,3.3,67481,426,0.2636,0.7028,0.07498,-0.89,0.0607
2026-08-03 14:25:29,694.42,2026-08-03,693.0,2.48,2.56,2.48,69072,1311,0.2442,0.633,0.08803,-1.1,0.066
2026-08-03 14:25:29,694.42,2026-08-03,694.0,1.87,1.89,1.89,49250,1102,0.2363,0.5434,0.09578,-1.46,0.0695
2026-08-03 14:25:29,694.42,2026-08-03,695.0,1.28,1.34,1.28,67543,2996,0.2252,0.4446,0.10014,-1.31,0.0692
2026-08-03 14:25:29,694.42,2026-08-03,696.0,0.89,0.9,0.89,26371,778,0.2218,0.3452,0.09482,-0.895,0.0646
2026-08-03 14:25:29,694.42,2026-08-03,697.0,0.53,0.54,0.53,20075,305,0.2107,0.2451,0.0852,-0.535,0.0551
2026-08-03 14:25:29,694.42,2026-08-03,698.0,0.32,0.37,0.32,10847,774,0.2138,0.1722,0.06811,-0.345,0.0447
2026-08-03 14:25:29,694.42,2026-08-03,699.0,0.19,0.2,0.19,4451,494,0.2108,0.1097,0.05081,-0.195,0.0329
2026-08-03 14:25:29,694.42,2026-08-03,700.0,0.15,0.16,0.11,17655,5438,0.2293,0.0845,0.03854,-0.155,0.0271
2026-08-03 14:25:29,694.42,2026-08-03,701.0,0.06,0.07,0.09,6859,697,0.2158,0.0423,0.02386,-0.065,0.0158
2026-08-03 14:25:29,694.42,2026-08-03,702.0,0.07,0.08,0.07,3697,705,0.2486,0.0424,0.02074,-0.075,0.0158
2026-08-03 14:25:29,694.42,2026-08-03,703.0,0.06,0.07,0.06,3534,4585,0.2677,0.0351,0.01651,-0.065,0.0136
2026-08-03 14:25:29,694.42,2026-08-03,704.0,0.01,0.02,0.02,1992,2430,0.2352,0.0107,0.00685,-0.015,0.0049
2026-08-03 14:25:29,694.42,2026-08-03,705.0,0.01,0.05,0.01,2185,5612,0.2816,0.0169,0.00852,-0.03,0.0074
2026-08-03 14:25:29,694.42,2026-08-03,706.0,0.03,0.04,0.01,181,2676,0.3109,0.0178,0.00805,-0.035,0.0077
2026-08-03 14:25:29,694.42,2026-08-03,707.0,0.03,0.04,0.03,680,2863,0.3335,0.0167,0.00712,-0.035,0.0073
2026-08-03 14:25:29,694.42,2026-08-03,708.0,0.03,0.04,0.03,1191,1527,0.3559,0.0158,0.00635,-0.035,0.0069
2026-08-03 14:25:29,694.42,2026-08-03,709.0,0.01,0.02,0.03,388,404,0.3388,0.0077,0.00356,-0.015,0.0037
2026-08-03 14:30:31,694.53,2026-08-03,680.0,14.51,15.12,13.61,506,1057,0.5557,0.9368,0.01284,-0.285,0.0216
2026-08-03 14:30:31,694.53,2026-08-03,681.0,12.72,14.34,13,240,540,,,,,
2026-08-03 14:30:31,694.53,2026-08-03,682.0,12.64,12.95,12.64,335,581,0.4861,0.9337,0.01523,-0.265,0.0224
2026-08-03 14:30:31,694.53,2026-08-03,683.0,11.21,12.04,11.04,492,539,0.3605,0.9687,0.01123,-0.095,0.0122
2026-08-03 14:30:31,694.53,2026-08-03,684.0,9.86,11.15,10.06,1317,918,,,,,
2026-08-03 14:30:31,694.53,2026-08-03,685.0,9.69,9.99,9.71,2346,4939,0.4104,0.9119,0.0224,-0.31,0.0278
2026-08-03 14:30:31,694.53,2026-08-03,686.0,8.35,8.88,8.18,3606,663,0.2739,0.9648,0.01629,-0.085,0.0135
2026-08-03 14:30:31,694.53,2026-08-03,687.0,7.52,7.75,7.82,12758,925,0.2599,0.9538,0.02144,-0.105,0.0168
2026-08-03 14:30:31,694.53,2026-08-03,688.0,6.78,7.02,6.76,16241,640,0.3284,0.8762,0.0358,-0.37,0.0356
2026-08-03 14:30:31,694.53,2026-08-03,689.0,5.95,6.03,5.95,23471,456,0.3153,0.8461,0.04325,-0.46,0.0412
2026-08-03 14:30:31,694.53,2026-08-03,690.0,5.01,5.07,5.01,55298,3644,0.2881,0.8198,0.05242,-0.51,0.0457
2026-08-03 14:30:31,694.53,2026-08-03,691.0,4.13,4.17,4.13,64241,326,0.2691,0.7775,0.06369,-0.62,0.0518
2026-08-03 14:30:31,694.53,2026-08-03,692.0,3.31,3.35,3.31,74806,426,0.2559,0.7181,0.07591,-0.8,0.0587
2026-08-03 14:30:31,694.53,2026-08-03,693.0,2.55,2.65,2.55,80969,1311,0.2476,0.6418,0.08675,-1.07,0.0649
2026-08-03 14:30:31,694.53,2026-08-03,694.0,1.92,1.93,1.92,54605,1102,0.2359,0.5544,0.09634,-1.395,0.0687
2026-08-03 14:30:31,694.53,2026-08-03,695.0,1.35,1.37,1.31,73682,2996,0.227,0.4556,0.10043,-1.36,0.0689
2026-08-03 14:30:31,694.53,2026-08-03,696.0,0.85,0.91,0.85,29614,778,0.2153,0.3503,0.09898,-0.88,0.0644
2026-08-03 14:30:31,694.53,2026-08-03,697.0,0.55,0.56,0.57,21177,305,0.211,0.2532,0.08721,-0.555,0.0556
2026-08-03 14:30:31,694.53,2026-08-03,698.0,0.36,0.37,0.32,12208,774,0.2156,0.18,0.06998,-0.365,0.0456
2026-08-03 14:30:31,694.53,2026-08-03,699.0,0.19,0.2,0.19,4677,494,0.2087,0.1112,0.05223,-0.195,0.033
2026-08-03 14:30:31,694.53,2026-08-03,700.0,0.15,0.16,0.15,19513,5438,0.2276,0.0855,0.03949,-0.155,0.0272
2026-08-03 14:30:31,694.53,2026-08-03,701.0,0.06,0.07,0.1,6964,697,0.2145,0.0428,0.02441,-0.065,0.0158
2026-08-03 14:30:31,694.53,2026-08-03,702.0,0.07,0.08,0.04,3998,705,0.2475,0.0428,0.02116,-0.075,0.0158
2026-08-03 14:30:31,694.53,2026-08-03,703.0,0.01,0.02,0.04,3903,4585,0.213,0.0118,0.00828,-0.015,0.0053
2026-08-03 14:30:31,694.53,2026-08-03,704.0,0.04,0.05,0.04,2189,2430,0.2749,0.025,0.01222,-0.045,0.0102
2026-08-03 14:30:31,694.53,2026-08-03,705.0,0.01,0.05,0.04,2240,5612,0.2812,0.0171,0.00866,-0.03,0.0074
2026-08-03 14:30:31,694.53,2026-08-03,706.0,0.01,0.02,0.01,321,2676,0.277,0.0093,0.00518,-0.015,0.0043
2026-08-03 14:30:31,694.53,2026-08-03,707.0,0.01,0.02,0.01,684,2863,0.2979,0.0087,0.00455,-0.015,0.0041
2026-08-03 14:30:31,694.53,2026-08-03,708.0,0.01,0.02,0.01,1196,1527,0.3186,0.0082,0.00403,-0.015,0.0039
2026-08-03 14:30:31,694.53,2026-08-03,709.0,0.03,0.04,0.03,491,404,0.3784,0.015,0.00577,-0.035,0.0066
2026-08-03 14:35:33,694.91,2026-08-03,680.0,15.06,15.22,14.52,609,1057,0.5437,0.9468,0.01155,-0.23,0.0187
2026-08-03 14:35:33,694.91,2026-08-03,681.0,12.54,14.23,12.59,241,540,,,,,
2026-08-03 14:35:33,694.91,2026-08-03,682.0,12.47,13.38,12.73,428,581,,,,,
2026-08-03 14:35:33,694.91,2026-08-03,683.0,10.88,11.92,11.1,507,539,,,,,
2026-08-03 14:35:33,694.91,2026-08-03,684.0,10.5,11.15,10.58,1321,918,,,,,
2026-08-03 14:35:33,694.91,2026-08-03,685.0,9.69,10.28,10.01,2368,4939,0.304,0.9719,0.01229,-0.075,0.0111
2026-08-03 14:35:33,694.91,2026-08-03,686.0,8.73,9.41,8.84,3654,663,0.3315,0.9423,0.02019,-0.16,0.02
2026-08-03 14:35:33,694.91,2026-08-03,687.0,7.98,8.17,7.93,12850,925,0.3042,0.936,0.02385,-0.165,0.0216
2026-08-03 14:35:33,694.91,2026-08-03,688.0,6.98,7.17,7.03,16618,640,0.2739,0.93,0.02839,-0.165,0.0232
2026-08-03 14:35:33,694.91,2026-08-03,689.0,6.17,6.33,6.17,24028,456,0.3003,0.8753,0.03963,-0.34,0.0355
2026-08-03 14:35:33,694.91,2026-08-03,690.0,5.29,5.41,5.29,56734,3644,0.2891,0.84,0.04875,-0.44,0.042
2026-08-03 14:35:33,694.91,2026-08-03,691.0,4.5,4.57,4.42,66507,326,0.2885,0.7865,0.05842,-0.625,0.0502
2026-08-03 14:35:33,694.91,2026-08-03,692.0,3.66,3.7,3.66,82339,426,0.2707,0.7361,0.06994,-0.77,0.0564
2026-08-03 14:35:33,694.91,2026-08-03,693.0,2.8,2.91,2.8,95876,1311,0.2503,0.6736,0.08342,-0.945,0.0622
2026-08-03 14:35:33,694.91,2026-08-03,694.0,2.11,2.12,2.11,64163,1102,0.2337,0.5922,0.09624,-1.205,0.067
2026-08-03 14:35:33,694.91,2026-08-03,695.0,1.52,1.54,1.52,86374,2996,0.2273,0.4939,0.10166,-1.53,0.0689
2026-08-03 14:35:33,694.91,2026-08-03,696.0,0.98,1.03,0.97,34841,778,0.2146,0.3873,0.10334,-1.005,0.0661
2026-08-03 14:35:33,694.91,2026-08-03,697.0,0.66,0.67,0.65,23790,305,0.2138,0.2886,0.0925,-0.665,0.059
2026-08-03 14:35:33,694.91,2026-08-03,698.0,0.42,0.43,0.37,14377,774,0.2145,0.2047,0.07666,-0.425,0.049
2026-08-03 14:35:33,694.91,2026-08-03,699.0,0.26,0.27,0.21,5161,494,0.2167,0.1395,0.05936,-0.265,0.0383
2026-08-03 14:35:33,694.91,2026-08-03,700.0,0.13,0.14,0.16,20260,5438,0.2099,0.082,0.04179,-0.135,0.0261
2026-08-03 14:35:33,694.91,2026-08-03,701.0,0.11,0.12,0.11,7068,697,0.2318,0.0658,0.03199,-0.115,0.0221
2026-08-03 14:35:33,694.91,2026-08-03,702.0,0.04,0.05,0.05,4422,705,0.2178,0.0308,0.01852,-0.045,0.012
2026-08-03 14:35:33,694.91,2026-08-03,703.0,0.06,0.07,0.06,4207,4585,0.2589,0.0366,0.01792,-0.065,0.0138
2026-08-03 14:35:33,694.91,2026-08-03,704.0,0.01,0.02,0.02,2492,2430,0.2281,0.0111,0.00743,-0.015,0.0051
2026-08-03 14:35:33,694.91,2026-08-03,705.0,0.01,0.05,0.04,2274,5612,0.2744,0.0176,0.00915,-0.03,0.0075
2026-08-03 14:35:33,694.91,2026-08-03,706.0,0.01,0.02,0.03,337,2676,0.271,0.0095,0.00546,-0.015,0.0044
2026-08-03 14:35:33,694.91,2026-08-03,707.0,0.01,0.04,0.02,839,2863,0.3121,0.0133,0.00634,-0.025,0.0059
2026-08-03 14:35:33,694.91,2026-08-03,708.0,0.01,0.04,0.01,1196,1527,0.3341,0.0125,0.00562,-0.025,0.0056
2026-08-03 14:35:33,694.91,2026-08-03,709.0,0.03,0.04,0.01,495,404,0.3726,0.0153,0.006,-0.035,0.0067
2026-08-03 14:40:34,695.7,2026-08-03,681.0,14.4,15.37,14.6,245,540,0.5157,0.9543,0.01085,-0.185,0.0165
2026-08-03 14:40:34,695.7,2026-08-03,682.0,12.57,15.25,12.26,438,581,0.5011,0.9472,0.01253,-0.21,0.0185
2026-08-03 14:40:34,695.7,2026-08-03,683.0,11.24,13.02,11.5,524,539,,,,,
2026-08-03 14:40:34,695.7,2026-08-03,684.0,11.61,13.19,11.56,1343,918,0.6131,0.8711,0.02,-0.7,0.0361
2026-08-03 14:40:34,695.7,2026-08-03,685.0,10.72,10.95,10.61,2389,4939,0.3716,0.9554,0.01477,-0.135,0.0161
2026-08-03 14:40:34,695.7,2026-08-03,686.0,9.57,10.37,9.62,3680,663,0.4066,0.9205,0.02122,-0.27,0.0254
2026-08-03 14:40:34,695.7,2026-08-03,687.0,8.58,8.98,8.63,12952,925,0.2787,0.967,0.0154,-0.08,0.0126
2026-08-03 14:40:34,695.7,2026-08-03,688.0,7.78,8.17,7.69,16697,640,0.3435,0.9069,0.02828,-0.275,0.0286
2026-08-03 14:40:34,695.7,2026-08-03,689.0,6.84,7.01,6.86,24925,456,0.2928,0.9111,0.03203,-0.225,0.0276
2026-08-03 14:40:34,695.7,2026-08-03,690.0,5.99,6.13,6,58041,3644,0.3004,0.8683,0.04144,-0.36,0.0366
2026-08-03 14:40:34,695.7,2026-08-03,691.0,5.15,5.22,5.14,68164,326,0.2934,0.8275,0.05076,-0.485,0.0438
2026-08-03 14:40:34,695.7,2026-08-03,692.0,4.3,4.31,4.3,86019,426,0.2774,0.7844,0.06152,-0.605,0.0502
2026-08-03 14:40:34,695.7,2026-08-03,693.0,3.44,3.49,3.34,103518,1311,0.2616,0.7291,0.07381,-0.765,0.0568
2026-08-03 14:40:34,695.7,2026-08-03,694.0,2.61,2.62,2.61,77237,1102,0.2359,0.6657,0.08996,-0.915,0.0624
2026-08-03 14:40:34,695.7,2026-08-03,695.0,1.97,1.98,1.92,101406,2996,0.2325,0.5726,0.09837,-1.275,0.0673
2026-08-03 14:40:34,695.7,2026-08-03,696.0,1.39,1.41,1.39,41452,778,0.2246,0.4719,0.10333,-1.4,0.0683
2026-08-03 14:40:34,695.7,2026-08-03,697.0,0.94,0.95,0.91,28400,305,0.219,0.3676,0.10032,-0.945,0.0646
2026-08-03 14:40:34,695.7,2026-08-03,698.0,0.61,0.62,0.62,15991,774,0.2167,0.2709,0.0891,-0.615,0.0568
2026-08-03 14:40:34,695.7,2026-08-03,699.0,0.39,0.4,0.35,6613,494,0.2183,0.1917,0.07287,-0.395,0.0468
2026-08-03 14:40:34,695.7,2026-08-03,700.0,0.25,0.26,0.25,22318,5438,0.223,0.1328,0.05613,-0.255,0.0368
2026-08-03 14:40:34,695.7,2026-08-03,701.0,0.12,0.17,0.16,7457,697,0.2217,0.0836,0.04043,-0.145,0.0264
2026-08-03 14:40:34,695.7,2026-08-03,702.0,0.11,0.12,0.07,4628,705,0.2396,0.0644,0.03063,-0.115,0.0216
2026-08-03 14:40:34,695.7,2026-08-03,703.0,0.08,0.09,0.08,4270,4585,0.2525,0.0475,0.02285,-0.085,0.017
2026-08-03 14:40:34,695.7,2026-08-03,704.0,0.06,0.07,0.06,2574,2430,0.2662,0.0359,0.01729,-0.065,0.0135
2026-08-03 14:40:34,695.7,2026-08-03,705.0,0.05,0.06,0.02,2324,5612,0.2838,0.0293,0.01372,-0.055,0.0115
2026-08-03 14:40:34,695.7,2026-08-03,706.0,0.04,0.05,0.04,413,2676,0.299,0.0235,0.01081,-0.045,0.0095
2026-08-03 14:40:34,695.7,2026-08-03,707.0,0.01,0.02,0.02,850,2863,0.2773,0.0094,0.0053,-0.015,0.0043
2026-08-03 14:40:34,695.7,2026-08-03,708.0,0.03,0.04,0.01,1196,1527,0.3342,0.017,0.00736,-0.035,0.0072
2026-08-03 14:40:34,695.7,2026-08-03,709.0,0.01,0.02,0.02,501,404,0.3195,0.0083,0.00412,-0.015,0.0039
2026-08-03 14:40:34,695.7,2026-08-03,710.0,0.01,0.02,0.03,1583,3272,0.3403,0.0078,0.00367,-0.015,0.0037
2026-08-03 14:45:35,695.31,2026-08-03,681.0,14.33,15.18,14.38,248,540,0.6282,0.9135,0.01475,-0.445,0.0268
2026-08-03 14:45:35,695.31,2026-08-03,682.0,13.2,15.62,13.2,444,581,0.7844,0.8457,0.01781,-1.1,0.0404
2026-08-03 14:45:35,695.31,2026-08-03,683.0,12.23,14.32,11.75,545,539,0.7116,0.85,0.01927,-0.965,0.0396
2026-08-03 14:45:35,695.31,2026-08-03,684.0,10.86,13.19,11.43,1349,918,0.608,0.8669,0.02079,-0.715,0.0366
2026-08-03 14:45:35,695.31,2026-08-03,685.0,10.31,10.99,10.4,2403,4939,0.4567,0.9107,0.02078,-0.34,0.0274
2026-08-03 14:45:35,695.31,2026-08-03,686.0,9.48,9.7,9.21,3707,663,0.4015,0.9163,0.02254,-0.28,0.0262
2026-08-03 14:45:35,695.31,2026-08-03,687.0,8.47,8.61,8.26,12998,925,0.3496,0.9212,0.02471,-0.23,0.025
2026-08-03 14:45:35,695.31,2026-08-03,688.0,7.31,7.92,7.5,16830,640,0.3435,0.8971,0.03067,-0.305,0.0305
2026-08-03 14:45:35,695.31,2026-08-03,689.0,6.59,6.74,6.48,25067,456,0.3238,0.8767,0.03704,-0.355,0.0347
2026-08-03 14:45:35,695.31,2026-08-03,690.0,5.64,5.76,5.61,58557,3644,0.2965,0.8564,0.04491,-0.39,0.0385
2026-08-03 14:45:35,695.31,2026-08-03,691.0,4.8,4.82,4.91,68895,326,0.2835,0.817,0.055,-0.5,0.0451
2026-08-03 14:45:35,695.31,2026-08-03,692.0,4.04,4.07,4.04,91097,426,0.2892,0.7523,0.06429,-0.745,0.0538
2026-08-03 14:45:35,695.31,2026-08-03,693.0,3.09,3.12,3.09,107078,1311,0.2499,0.7094,0.08062,-0.795,0.0583
2026-08-03 14:45:35,695.31,2026-08-03,694.0,2.38,2.46,2.49,88219,1102,0.2468,0.6254,0.09031,-1.11,0.0645
2026-08-03 14:45:35,695.31,2026-08-03,695.0,1.72,1.74,1.72,114071,2996,0.2301,0.5345,0.10158,-1.42,0.0676
2026-08-03 14:45:35,695.31,2026-08-03,696.0,1.21,1.22,1.21,46326,778,0.2251,0.4314,0.10269,-1.215,0.0668
2026-08-03 14:45:35,695.31,2026-08-03,697.0,0.8,0.82,0.78,31971,305,0.2209,0.3293,0.09634,-0.81,0.0615
2026-08-03 14:45:35,695.31,2026-08-03,698.0,0.47,0.52,0.53,18503,774,0.2145,0.2331,0.08389,-0.495,0.052
2026-08-03 14:45:35,695.31,2026-08-03,699.0,0.31,0.32,0.3,7806,494,0.2175,0.1617,0.06624,-0.315,0.0417
2026-08-03 14:45:35,695.31,2026-08-03,700.0,0.16,0.17,0.2,24925,5438,0.2111,0.0977,0.04808,-0.165,0.0294
2026-08-03 14:45:35,695.31,2026-08-03,701.0,0.09,0.1,0.13,7883,697,0.214,0.0606,0.033,-0.095,0.0204
2026-08-03 14:45:35,695.31,2026-08-03,702.0,0.05,0.1,0.05,4863,705,0.2317,0.0462,0.02458,-0.075,0.0165
2026-08-03 14:45:35,695.31,2026-08-03,703.0,0.07,0.08,0.04,4606,4585,0.2591,0.042,0.02033,-0.075,0.0152
2026-08-03 14:45:35,695.31,2026-08-03,704.0,0.01,0.02,0.05,3129,2430,0.2227,0.0115,0.00796,-0.015,0.0051
2026-08-03 14:45:35,695.31,2026-08-03,705.0,0.04,0.05,0.04,2513,5612,0.2866,0.0246,0.01182,-0.045,0.0098
2026-08-03 14:45:35,695.31,2026-08-03,706.0,0.01,0.02,0.02,419,2676,0.2665,0.0098,0.00578,-0.015,0.0045
2026-08-03 14:45:35,695.31,2026-08-03,707.0,0.01,0.02,0.03,851,2863,0.288,0.0091,0.00503,-0.015,0.0042
2026-08-03 14:45:35,695.31,2026-08-03,708.0,0.03,0.04,0.02,1198,1527,0.3461,0.0166,0.00702,-0.035,0.007
2026-08-03 14:45:35,695.31,2026-08-03,709.0,0.03,0.04,0.02,501,404,0.3691,0.0157,0.00627,-0.035,0.0067
2026-08-03 14:45:35,695.31,2026-08-03,710.0,0.03,0.04,0.03,1620,3272,0.3919,0.0149,0.00564,-0.035,0.0064
2026-08-03 14:50:37,696.15,2026-08-03,682.0,14.02,14.42,13.91,454,581,0.4152,0.9796,0.00701,-0.07,0.0083
2026-08-03 14:50:37,696.15,2026-08-03,683.0,12.33,13.53,12.12,547,539,,,,,
2026-08-03 14:50:37,696.15,2026-08-03,684.0,10.94,12.52,11.19,1357,918,,,,,
2026-08-03 14:50:37,696.15,2026-08-03,685.0,11.39,11.53,10.72,2413,4939,0.4762,0.9201,0.01847,-0.31,0.0251
2026-08-03 14:50:37,696.15,2026-08-03,686.0,10.4,10.6,9.73,3720,663,0.4582,0.9081,0.02131,-0.35,0.0279
2026-08-03 14:50:37,696.15,2026-08-03,687.0,8.95,9.49,9.06,13027,925,0.2869,0.9718,0.01334,-0.07,0.0109
2026-08-03 14:50:37,696.15,2026-08-03,688.0,8.2,8.46,8.08,16903,640,0.3257,0.9329,0.02363,-0.18,0.022
2026-08-03 14:50:37,696.15,2026-08-03,689.0,7.27,7.66,7.27,25249,456,0.3437,0.8935,0.03165,-0.315,0.031
2026-08-03 14:50:37,696.15,2026-08-03,690.0,6.38,6.5,6.62,59061,3644,0.3008,0.8894,0.03717,-0.29,0.0319
2026-08-03 14:50:37,696.15,2026-08-03,691.0,5.63,5.8,5.48,69273,326,0.3347,0.8217,0.04615,-0.565,0.0441
2026-08-03 14:50:37,696.15,2026-08-03,692.0,4.7,4.73,4.64,92444,426,0.2929,0.8019,0.05626,-0.565,0.047
2026-08-03 14:50:37,696.15,2026-08-03,693.0,3.75,3.89,3.8,108595,1311,0.2697,0.7581,0.06854,-0.67,0.0527
2026-08-03 14:50:37,696.15,2026-08-03,694.0,2.97,3,2.97,93230,1102,0.2503,0.6973,0.08258,-0.835,0.059
2026-08-03 14:50:37,696.15,2026-08-03,695.0,2.24,2.31,2.24,124906,2996,0.2414,0.6139,0.09385,-1.125,0.0646
2026-08-03 14:50:37,696.15,2026-08-03,696.0,1.68,1.7,1.68,51515,778,0.2382,0.5178,0.09906,-1.54,0.0673
2026-08-03 14:50:37,696.15,2026-08-03,697.0,1.16,1.18,1.14,35330,305,0.23,0.4163,0.10042,-1.17,0.0659
2026-08-03 14:50:37,696.15,2026-08-03,698.0,0.73,0.74,0.73,20761,774,0.2184,0.3108,0.09576,-0.735,0.0597
2026-08-03 14:50:37,696.15,2026-08-03,699.0,0.49,0.5,0.51,9166,494,0.2231,0.2274,0.08008,-0.495,0.051
2026-08-03 14:50:37,696.15,2026-08-03,700.0,0.28,0.33,0.28,27052,5438,0.2228,0.1555,0.06347,-0.305,0.0403
2026-08-03 14:50:37,696.15,2026-08-03,701.0,0.16,0.21,0.16,8307,697,0.2246,0.1027,0.04715,-0.185,0.0302
2026-08-03 14:50:37,696.15,2026-08-03,702.0,0.13,0.14,0.09,5324,705,0.2384,0.075,0.03516,-0.135,0.0239
2026-08-03 14:50:37,696.15,2026-08-03,703.0,0.09,0.1,0.05,4839,4585,0.2493,0.0535,0.02586,-0.095,0.0184
2026-08-03 14:50:37,696.15,2026-08-03,704.0,0.03,0.04,0.04,3326,2430,0.2324,0.0238,0.01428,-0.035,0.0095
2026-08-03 14:50:37,696.15,2026-08-03,705.0,0.01,0.06,0.02,2759,5612,0.257,0.0218,0.01198,-0.035,0.0088
2026-08-03 14:50:37,696.15,2026-08-03,706.0,0.01,0.05,0.02,665,2676,0.2749,0.0179,0.00948,-0.03,0.0074
2026-08-03 14:50:37,696.15,2026-08-03,707.0,0.01,0.02,0.02,870,2863,0.2718,0.0097,0.00565,-0.015,0.0044
2026-08-03 14:50:37,696.15,2026-08-03,708.0,0.03,0.04,0.03,1243,1527,0.3288,0.0175,0.00778,-0.035,0.0073
2026-08-03 14:50:37,696.15,2026-08-03,709.0,0.03,0.04,0.02,561,404,0.3522,0.0165,0.00689,-0.035,0.0069
2026-08-03 14:50:37,696.15,2026-08-03,710.0,0.01,0.02,0.01,1674,3272,0.3361,0.008,0.00386,-0.015,0.0037
2026-08-03 14:50:37,696.15,2026-08-03,711.0,0.03,0.04,0.01,224,256,0.3983,0.0147,0.00555,-0.035,0.0063
2026-08-03 14:55:38,697.49,2026-08-03,683.0,14.1,15.35,13.89,550,539,0.5498,0.9447,0.01211,-0.235,0.0188
2026-08-03 14:55:38,697.49,2026-08-03,684.0,13.05,13.85,12.99,1361,918,,,,,
2026-08-03 14:55:38,697.49,2026-08-03,685.0,12.4,12.69,12.3,2488,4939,0.3573,0.9825,0.0072,-0.055,0.0072
2026-08-03 14:55:38,697.49,2026-08-03,686.0,11.01,11.71,10.83,3790,663,,,,,
2026-08-03 14:55:38,697.49,2026-08-03,687.0,9.96,10.52,10.04,13063,925,,,,,
2026-08-03 14:55:38,697.49,2026-08-03,688.0,8.99,9.65,9.11,17018,640,,,,,
2026-08-03 14:55:38,697.49,2026-08-03,689.0,8.75,8.77,8.69,25361,456,0.3759,0.9133,0.02504,-0.27,0.0265
2026-08-03 14:55:38,697.49,2026-08-03,690.0,7.55,7.9,7.77,59689,3644,0.3295,0.9145,0.02827,-0.235,0.0262
2026-08-03 14:55:38,697.49,2026-08-03,691.0,6.82,6.95,6.76,69725,326,0.3463,0.8706,0.03629,-0.395,0.0354
2026-08-03 14:55:38,697.49,2026-08-03,692.0,5.75,6,5.77,93554,426,0.306,0.8599,0.04334,-0.385,0.0374
2026-08-03 14:55:38,697.49,2026-08-03,693.0,5.05,5.06,5.05,110241,1311,0.3093,0.8092,0.05242,-0.565,0.0457
2026-08-03 14:55:38,697.49,2026-08-03,694.0,4.04,4.07,4.04,96994,1102,0.2661,0.7854,0.06535,-0.565,0.049
2026-08-03 14:55:38,697.49,2026-08-03,695.0,3.26,3.27,3.27,137228,2996,0.2588,0.7195,0.07756,-0.775,0.0566
2026-08-03 14:55:38,697.49,2026-08-03,696.0,2.59,2.6,2.59,61777,778,0.2599,0.6365,0.08605,-1.105,0.063
2026-08-03 14:55:38,697.49,2026-08-03,697.0,1.9,1.91,1.91,41568,305,0.2448,0.5503,0.09631,-1.415,0.0664
2026-08-03 14:55:38,697.49,2026-08-03,698.0,1.34,1.35,1.34,26868,774,0.2357,0.4516,0.10008,-1.345,0.0665
2026-08-03 14:55:38,697.49,2026-08-03,699.0,0.91,0.92,0.91,11383,494,0.231,0.3513,0.09568,-0.915,0.0623
2026-08-03 14:55:38,697.49,2026-08-03,700.0,0.55,0.6,0.59,31873,5438,0.2242,0.2551,0.08535,-0.575,0.0539
2026-08-03 14:55:38,697.49,2026-08-03,701.0,0.38,0.39,0.33,10003,697,0.2296,0.1837,0.06897,-0.385,0.0446
2026-08-03 14:55:38,697.49,2026-08-03,702.0,0.25,0.26,0.2,6135,705,0.2355,0.1293,0.0533,-0.255,0.0354
2026-08-03 14:55:38,697.49,2026-08-03,703.0,0.16,0.17,0.11,5059,4585,0.2409,0.0885,0.03966,-0.165,0.0269
2026-08-03 14:55:38,697.49,2026-08-03,704.0,0.07,0.12,0.11,3634,2430,0.241,0.0554,0.02766,-0.095,0.0188
2026-08-03 14:55:38,697.49,2026-08-03,705.0,0.04,0.05,0.04,4249,5612,0.235,0.0296,0.01705,-0.045,0.0113
2026-08-03 14:55:38,697.49,2026-08-03,706.0,0.02,0.03,0.02,869,2676,0.2379,0.0174,0.01076,-0.025,0.0072
2026-08-03 14:55:38,697.49,2026-08-03,707.0,0.05,0.06,0.05,960,2863,0.2954,0.0289,0.01329,-0.055,0.0111
2026-08-03 14:55:38,697.49,2026-08-03,708.0,0.01,0.02,0.02,1269,1527,0.2661,0.0099,0.00594,-0.015,0.0044
2026-08-03 14:55:38,697.49,2026-08-03,709.0,0.04,0.05,0.04,569,404,0.3353,0.0216,0.00919,-0.045,0.0087
2026-08-03 14:55:38,697.49,2026-08-03,710.0,0.01,0.04,0.01,1693,3272,0.3306,0.013,0.00602,-0.025,0.0056
2026-08-03 14:55:38,697.49,2026-08-03,711.0,0.01,0.02,0.03,428,256,0.331,0.0082,0.00402,-0.015,0.0037
2026-08-03 14:55:38,697.49,2026-08-03,712.0,0.03,0.04,0.01,72,1500,0.393,0.015,0.00574,-0.035,0.0064
2026-08-03 15:00:39,697.35,2026-08-03,683.0,14.05,14.46,13.35,571,539,,,,,
2026-08-03 15:00:39,697.35,2026-08-03,684.0,12.95,13.92,12.99,1364,918,0.4177,0.9742,0.00863,-0.085,0.01
2026-08-03 15:00:39,697.35,2026-08-03,685.0,12.04,12.95,12.32,2504,4939,0.4379,0.957,0.01253,-0.145,0.0152
2026-08-03 15:00:39,697.35,2026-08-03,686.0,11.22,11.68,11.32,3795,663,0.3771,0.9664,0.0119,-0.1,0.0124
2026-08-03 15:00:39,697.35,2026-08-03,687.0,10.14,10.72,10.1,13079,925,0.3329,0.9706,0.01209,-0.08,0.0111
2026-08-03 15:00:39,697.35,2026-08-03,688.0,9.44,9.95,9.2,17069,640,0.4359,0.9041,0.02347,-0.345,0.0283
2026-08-03 15:00:39,697.35,2026-08-03,689.0,8.32,8.53,8.4,25491,456,0.2745,0.9676,0.01589,-0.075,0.0121
2026-08-03 15:00:39,697.35,2026-08-03,690.0,7.63,7.76,7.63,59997,3644,0.3657,0.889,0.0311,-0.345,0.0315
2026-08-03 15:00:39,697.35,2026-08-03,691.0,6.67,6.78,6.58,69985,326,0.3384,0.8728,0.037,-0.375,0.0347
2026-08-03 15:00:39,697.35,2026-08-03,692.0,5.55,5.85,5.71,94196,426,0.2938,0.8655,0.04429,-0.35,0.036
2026-08-03 15:00:39,697.35,2026-08-03,693.0,4.84,4.9,4.84,111028,1311,0.296,0.814,0.05436,-0.52,0.0446
2026-08-03 15:00:39,697.35,2026-08-03,694.0,3.83,3.91,3.97,98939,1102,0.2529,0.7896,0.06856,-0.52,0.048
2026-08-03 15:00:39,697.35,2026-08-03,695.0,3.12,3.16,3.09,144829,2996,0.2566,0.7117,0.07993,-0.79,0.0568
2026-08-03 15:00:39,697.35,2026-08-03,696.0,2.36,2.41,2.36,70099,778,0.2427,0.6337,0.09316,-1.035,0.0626
2026-08-03 15:00:39,697.35,2026-08-03,697.0,1.7,1.78,1.7,46976,305,0.2335,0.5388,0.1022,-1.39,0.0661
2026-08-03 15:00:39,697.35,2026-08-03,698.0,1.19,1.2,1.19,30223,774,0.2243,0.4338,0.10538,-1.195,0.0655
2026-08-03 15:00:39,697.35,2026-08-03,699.0,0.82,0.83,0.8,13199,494,0.226,0.3333,0.09666,-0.825,0.0605
2026-08-03 15:00:39,697.35,2026-08-03,700.0,0.54,0.55,0.54,34716,5438,0.227,0.2442,0.08306,-0.545,0.0522
2026-08-03 15:00:39,697.35,2026-08-03,701.0,0.34,0.35,0.34,11060,697,0.228,0.1705,0.06682,-0.345,0.0422
2026-08-03 15:00:39,697.35,2026-08-03,702.0,0.18,0.19,0.22,6678,705,0.2212,0.1053,0.0495,-0.185,0.0303
2026-08-03 15:00:39,697.35,2026-08-03,703.0,0.15,0.16,0.16,5308,4585,0.2437,0.0838,0.03794,-0.155,0.0256
2026-08-03 15:00:39,697.35,2026-08-03,704.0,0.06,0.11,0.11,3879,2430,0.2416,0.0506,0.0259,-0.085,0.0173
2026-08-03 15:00:39,697.35,2026-08-03,705.0,0.08,0.09,0.08,4530,5612,0.2701,0.046,0.02145,-0.085,0.016
2026-08-03 15:00:39,697.35,2026-08-03,706.0,0.02,0.03,0.03,880,2676,0.2433,0.0172,0.0105,-0.025,0.0071
2026-08-03 15:00:39,697.35,2026-08-03,707.0,0.01,0.06,0.02,1095,2863,0.2806,0.0204,0.01055,-0.035,0.0082
2026-08-03 15:00:39,697.35,2026-08-03,708.0,0.04,0.05,0.02,1272,1527,0.3169,0.0229,0.0103,-0.045,0.009
2026-08-03 15:00:39,697.35,2026-08-03,709.0,0.04,0.05,0.04,583,404,0.3416,0.0214,0.00903,-0.045,0.0085
2026-08-03 15:00:39,697.35,2026-08-03,710.0,0.01,0.04,0.01,1719,3272,0.3366,0.0128,0.00591,-0.025,0.0055
2026-08-03 15:00:39,697.35,2026-08-03,711.0,0.03,0.04,0.02,564,256,0.3763,0.0157,0.0063,-0.035,0.0066
2026-08-03 15:00:39,697.35,2026-08-03,712.0,0.01,0.04,0.01,90,1500,0.3818,0.0115,0.00473,-0.025,0.005
2026-08-03 15:05:46,697.1,2026-08-03,683.0,12.72,14.56,12.77,581,539,,,,,
2026-08-03 15:05:46,697.1,2026-08-03,684.0,12.91,14.11,12.26,1370,918,0.5932,0.9131,0.01616,-0.41,0.0261
2026-08-03 15:05:46,697.1,2026-08-03,685.0,11.91,12.53,12.01,2506,4939,0.4173,0.9625,0.01187,-0.12,0.0135
2026-08-03 15:05:46,697.1,2026-08-03,686.0,10.97,11.95,11.41,3807,663,0.5058,0.9114,0.01925,-0.36,0.0265
2026-08-03 15:05:46,697.1,2026-08-03,687.0,10.06,10.27,10.49,13092,925,0.3149,0.9753,0.01113,-0.065,0.0095
2026-08-03 15:05:46,697.1,2026-08-03,688.0,9.27,9.66,9.27,17102,640,0.4382,0.8988,0.02449,-0.365,0.0292
2026-08-03 15:05:46,697.1,2026-08-03,689.0,7.99,8.51,8.39,25560,456,0.3176,0.9409,0.02248,-0.15,0.0194
2026-08-03 15:05:46,697.1,2026-08-03,690.0,7.31,7.42,7.37,60281,3644,0.3333,0.9041,0.03097,-0.265,0.0281
2026-08-03 15:05:46,697.1,2026-08-03,691.0,6.26,6.64,6.45,70179,326,0.3248,0.8751,0.03841,-0.35,0.0339
2026-08-03 15:05:46,697.1,2026-08-03,692.0,5.48,5.53,5.37,94676,426,0.3017,0.8498,0.0469,-0.405,0.0385
2026-08-03 15:05:46,697.1,2026-08-03,693.0,4.62,4.69,4.64,112709,1311,0.2958,0.8023,0.05699,-0.555,0.0459
2026-08-03 15:05:46,697.1,2026-08-03,694.0,3.72,3.76,3.62,100430,1102,0.268,0.7611,0.07015,-0.64,0.0511
2026-08-03 15:05:46,697.1,2026-08-03,695.0,2.89,2.91,2.89,153249,2996,0.2477,0.6991,0.08522,-0.8,0.0574
2026-08-03 15:05:46,697.1,2026-08-03,696.0,2.16,2.17,2.16,84107,778,0.2347,0.6147,0.09879,-1.065,0.0631
2026-08-03 15:05:46,697.1,2026-08-03,697.0,1.6,1.61,1.6,58048,305,0.235,0.5131,0.10289,-1.505,0.0658
2026-08-03 15:05:46,697.1,2026-08-03,698.0,1.05,1.06,1.08,35058,774,0.2209,0.4053,0.10642,-1.055,0.0639
2026-08-03 15:05:46,697.1,2026-08-03,699.0,0.67,0.72,0.71,16243,494,0.2194,0.3025,0.09645,-0.695,0.0576
2026-08-03 15:05:46,697.1,2026-08-03,700.0,0.41,0.46,0.41,39119,5438,0.2184,0.213,0.08066,-0.435,0.0479
2026-08-03 15:05:46,697.1,2026-08-03,701.0,0.25,0.26,0.25,11932,697,0.2169,0.1402,0.06225,-0.255,0.0367
2026-08-03 15:05:46,697.1,2026-08-03,702.0,0.18,0.19,0.18,7212,705,0.2318,0.102,0.04658,-0.185,0.0294
2026-08-03 15:05:46,697.1,2026-08-03,703.0,0.12,0.13,0.08,6250,4585,0.2414,0.071,0.03408,-0.125,0.0224
2026-08-03 15:05:46,697.1,2026-08-03,704.0,0.05,0.1,0.09,4150,2430,0.2449,0.0452,0.02357,-0.075,0.0157
2026-08-03 15:05:46,697.1,2026-08-03,705.0,0.03,0.04,0.03,5169,5612,0.2393,0.0237,0.01415,-0.035,0.0092
2026-08-03 15:05:46,697.1,2026-08-03,706.0,0.02,0.03,0.03,1044,2676,0.2515,0.0168,0.01006,-0.025,0.0069
2026-08-03 15:05:46,697.1,2026-08-03,707.0,0.01,0.06,0.05,1615,2863,0.2893,0.02,0.01016,-0.035,0.008
2026-08-03 15:05:46,697.1,2026-08-03,708.0,0.04,0.05,0.04,1277,1527,0.326,0.0225,0.00995,-0.045,0.0088
2026-08-03 15:05:46,697.1,2026-08-03,709.0,0.01,0.02,0.01,587,404,0.3016,0.009,0.00489,-0.015,0.004
2026-08-03 15:05:46,697.1,2026-08-03,710.0,0.01,0.02,0.01,1967,3272,0.3235,0.0085,0.00432,-0.015,0.0038
2026-08-03 15:05:46,697.1,2026-08-03,711.0,0.03,0.04,0.02,566,256,0.3856,0.0155,0.00613,-0.035,0.0064
2026-08-03 15:05:46,697.1,2026-08-03,712.0,0.01,0.02,0.03,95,1500,0.3668,0.0076,0.00344,-0.015,0.0034
2026-08-03 15:10:47,696.52,2026-08-03,682.0,13.8,16.36,15.35,461,581,0.704,0.9007,0.01518,-0.56,0.0285
2026-08-03 15:10:47,696.52,2026-08-03,683.0,12.45,14.64,12.37,582,539,0.327,0.9948,0.0028,-0.025,0.0024
2026-08-03 15:10:47,696.52,2026-08-03,684.0,12.08,12.93,13,1373,918,,,,,
2026-08-03 15:10:47,696.52,2026-08-03,685.0,11.3,12.43,12.23,2520,4939,0.5193,0.9158,0.01822,-0.345,0.0253
2026-08-03 15:10:47,696.52,2026-08-03,686.0,10.41,11.64,11.35,3809,663,0.5403,0.8867,0.02176,-0.505,0.0314
2026-08-03 15:10:47,696.52,2026-08-03,687.0,9.47,10.34,10.4,13161,925,0.4643,0.8982,0.02344,-0.385,0.0291
2026-08-03 15:10:47,696.52,2026-08-03,688.0,8.67,8.97,8.88,17182,640,0.3988,0.907,0.02553,-0.3,0.0272
2026-08-03 15:10:47,696.52,2026-08-03,689.0,7.71,7.98,8.06,25660,456,0.3723,0.8944,0.03002,-0.325,0.0298
2026-08-03 15:10:47,696.52,2026-08-03,690.0,6.66,6.78,6.94,60721,3644,0.2921,0.9161,0.03228,-0.2,0.0252
2026-08-03 15:10:47,696.52,2026-08-03,691.0,5.76,5.86,6.11,70386,326,0.2881,0.8818,0.04204,-0.29,0.0323
2026-08-03 15:10:47,696.52,2026-08-03,692.0,5,5.13,5.11,95002,426,0.3146,0.813,0.05227,-0.545,0.0439
2026-08-03 15:10:47,696.52,2026-08-03,693.0,4.17,4.19,4.2,113847,1311,0.2944,0.7705,0.06305,-0.66,0.0496
2026-08-03 15:10:47,696.52,2026-08-03,694.0,3.3,3.38,3.36,101614,1102,0.2757,0.7148,0.0754,-0.82,0.0555
2026-08-03 15:10:47,696.52,2026-08-03,695.0,2.48,2.6,2.59,159412,2996,0.2549,0.6452,0.08937,-1.02,0.0608
2026-08-03 15:10:47,696.52,2026-08-03,696.0,1.83,1.91,1.91,92698,778,0.2436,0.5548,0.09928,-1.35,0.0646
2026-08-03 15:10:47,696.52,2026-08-03,697.0,1.33,1.34,1.35,71608,305,0.2386,0.4538,0.10165,-1.335,0.0647
2026-08-03 15:10:47,696.52,2026-08-03,698.0,0.85,0.87,0.87,50105,774,0.2265,0.3474,0.09982,-0.86,0.0604
2026-08-03 15:10:47,696.52,2026-08-03,699.0,0.54,0.59,0.59,23314,494,0.227,0.2545,0.08649,-0.565,0.0524
2026-08-03 15:10:47,696.52,2026-08-03,700.0,0.36,0.37,0.37,53102,5438,0.23,0.1796,0.06974,-0.365,0.0428
2026-08-03 15:10:47,696.52,2026-08-03,701.0,0.19,0.2,0.2,16558,697,0.2226,0.1111,0.05207,-0.195,0.0309
2026-08-03 15:10:47,696.52,2026-08-03,702.0,0.11,0.16,0.16,8768,705,0.2346,0.0782,0.03813,-0.135,0.0239
2026-08-03 15:10:47,696.52,2026-08-03,703.0,0.06,0.07,0.07,8492,4585,0.2286,0.0428,0.02435,-0.065,0.0149
2026-08-03 15:10:47,696.52,2026-08-03,704.0,0.08,0.09,0.09,6001,2430,0.2703,0.0467,0.02211,-0.085,0.0159
2026-08-03 15:10:47,696.52,2026-08-03,705.0,0.06,0.07,0.07,7986,5612,0.2844,0.0354,0.01677,-0.065,0.0127
2026-08-03 15:10:47,696.52,2026-08-03,706.0,0.05,0.06,0.05,1512,2676,0.3027,0.0289,0.01335,-0.055,0.0108
2026-08-03 15:10:47,696.52,2026-08-03,707.0,0.01,0.02,0.03,1688,2863,0.2727,0.01,0.00596,-0.015,0.0043
2026-08-03 15:10:47,696.52,2026-08-03,708.0,0.04,0.05,0.03,1584,1527,0.3437,0.0217,0.00922,-0.045,0.0085
2026-08-03 15:10:47,696.52,2026-08-03,709.0,0.03,0.04,0.03,670,404,0.3552,0.0168,0.0072,-0.035,0.0068
2026-08-03 15:10:47,696.52,2026-08-03,710.0,0.03,0.04,0.03,2982,3272,0.3792,0.0159,0.00642,-0.035,0.0065
2026-08-03 15:10:47,696.52,2026-08-03,711.0,0.03,0.04,0.03,707,256,0.403,0.015,0.00576,-0.035,0.0062
2026-08-03 15:15:48,696.79,2026-08-03,682.0,13.81,16.43,15.35,461,581,0.6275,0.9305,0.01314,-0.33,0.0216
2026-08-03 15:15:48,696.79,2026-08-03,683.0,12.41,14.75,14.26,587,539,,,,,
2026-08-03 15:15:48,696.79,2026-08-03,684.0,12.28,13.02,13,1373,918,,,,,
2026-08-03 15:15:48,696.79,2026-08-03,685.0,11.22,11.94,11.83,2548,4939,,,,,
2026-08-03 15:15:48,696.79,2026-08-03,686.0,10.43,11.28,11.33,3814,663,0.3397,0.9763,0.01015,-0.065,0.0091
2026-08-03 15:15:48,696.79,2026-08-03,687.0,9.55,9.98,10.29,13166,925,,,,,
2026-08-03 15:15:48,696.79,2026-08-03,688.0,8.51,9.15,9.43,17192,640,0.2559,0.9838,0.00973,-0.04,0.0065
2026-08-03 15:15:48,696.79,2026-08-03,689.0,7.7,8.37,8.32,25681,456,0.356,0.9139,0.02724,-0.245,0.0255
2026-08-03 15:15:48,696.79,2026-08-03,690.0,6.77,7.23,7,60898,3644,0.3079,0.9154,0.03109,-0.21,0.0251
2026-08-03 15:15:48,696.79,2026-08-03,691.0,5.96,6.27,6.31,70469,326,0.3115,0.8767,0.04039,-0.325,0.033
2026-08-03 15:15:48,696.79,2026-08-03,692.0,5.13,5.24,5.24,95257,426,0.2921,0.8467,0.04998,-0.395,0.0383
2026-08-03 15:15:48,696.79,2026-08-03,693.0,4.23,4.33,4.45,114239,1311,0.273,0.8068,0.06199,-0.49,0.0444
2026-08-03 15:15:48,696.79,2026-08-03,694.0,3.42,3.47,3.47,102086,1102,0.2609,0.748,0.0755,-0.655,0.0517
2026-08-03 15:15:48,696.79,2026-08-03,695.0,2.65,2.69,2.69,160577,2996,0.2491,0.674,0.08928,-0.88,0.0584
2026-08-03 15:15:48,696.79,2026-08-03,696.0,1.92,2,2.009,94824,778,0.2358,0.5847,0.10207,-1.17,0.0632
2026-08-03 15:15:48,696.79,2026-08-03,697.0,1.35,1.36,1.36,76621,305,0.2243,0.4798,0.10965,-1.355,0.0646
2026-08-03 15:15:48,696.79,2026-08-03,698.0,0.89,0.9,0.9,58931,774,0.2183,0.3689,0.10664,-0.895,0.0611
2026-08-03 15:15:48,696.79,2026-08-03,699.0,0.59,0.6,0.62,29732,494,0.2213,0.2715,0.09248,-0.595,0.0537
2026-08-03 15:15:48,696.79,2026-08-03,700.0,0.37,0.38,0.34,62049,5438,0.2228,0.1894,0.07503,-0.375,0.0439
2026-08-03 15:15:48,696.79,2026-08-03,701.0,0.19,0.2,0.24,20026,697,0.2147,0.1152,0.05586,-0.195,0.0315
2026-08-03 15:15:48,696.79,2026-08-03,702.0,0.15,0.16,0.16,9960,705,0.2357,0.0881,0.04187,-0.155,0.0259
2026-08-03 15:15:48,696.79,2026-08-03,703.0,0.1,0.11,0.11,11007,4585,0.2458,0.0612,0.03035,-0.105,0.0196
2026-08-03 15:15:48,696.79,2026-08-03,704.0,0.07,0.08,0.08,6845,2430,0.2583,0.0439,0.0222,-0.075,0.015
2026-08-03 15:15:48,696.79,2026-08-03,705.0,0.06,0.07,0.06,8445,5612,0.2793,0.0362,0.01755,-0.065,0.0129
2026-08-03 15:15:48,696.79,2026-08-03,706.0,0.01,0.02,0.05,1851,2676,0.2459,0.011,0.00728,-0.015,0.0047
2026-08-03 15:15:48,696.79,2026-08-03,707.0,0.04,0.05,0.04,1749,2863,0.3142,0.0236,0.01095,-0.045,0.009
2026-08-03 15:15:48,696.79,2026-08-03,708.0,0.01,0.02,0.02,1923,1527,0.2915,0.0094,0.00537,-0.015,0.0041
2026-08-03 15:15:48,696.79,2026-08-03,709.0,0.03,0.04,0.02,1359,404,0.3516,0.0171,0.00744,-0.035,0.0069
2026-08-03 15:15:48,696.79,2026-08-03,710.0,0.01,0.02,0.03,3218,3272,0.3362,0.0083,0.00416,-0.015,0.0037
2026-08-03 15:15:48,696.79,2026-08-03,711.0,0.03,0.04,0.03,709,256,0.4,0.0152,0.00593,-0.035,0.0062
2026-08-03 15:20:50,697.17,2026-08-03,683.0,12.49,14.7,14.26,587,539,,,,,
2026-08-03 15:20:50,697.17,2026-08-03,684.0,12.25,13.52,13.12,1377,918,,,,,
2026-08-03 15:20:50,697.17,2026-08-03,685.0,11.84,12.25,11.83,2548,4939,,,,,
2026-08-03 15:20:50,697.17,2026-08-03,686.0,10.51,11.6,11.4,3817,663,,,,,
2026-08-03 15:20:50,697.17,2026-08-03,687.0,9.9,10.45,10.39,13185,925,,,,,
2026-08-03 15:20:50,697.17,2026-08-03,688.0,9.05,9.54,9.19,17207,640,0.3453,0.9526,0.01781,-0.125,0.0159
2026-08-03 15:20:50,697.17,2026-08-03,689.0,7.9,8.41,8.49,25695,456,,,,,
2026-08-03 15:20:50,697.17,2026-08-03,690.0,7.25,7.48,7.27,61052,3644,0.3173,0.9223,0.02854,-0.195,0.0234
2026-08-03 15:20:50,697.17,2026-08-03,691.0,6.31,6.68,6.34,70606,326,0.3286,0.8811,0.03764,-0.325,0.0319
2026-08-03 15:20:50,697.17,2026-08-03,692.0,5.56,5.61,5.44,95406,426,0.3154,0.8487,0.04628,-0.415,0.0377
2026-08-03 15:20:50,697.17,2026-08-03,693.0,4.69,4.7,4.69,114533,1311,0.3001,0.809,0.05646,-0.525,0.0437
2026-08-03 15:20:50,697.17,2026-08-03,694.0,3.78,3.86,3.78,102366,1102,0.2807,0.7615,0.06869,-0.65,0.0498
2026-08-03 15:20:50,697.17,2026-08-03,695.0,2.96,3,2.96,162430,2996,0.2599,0.701,0.08313,-0.81,0.0558
2026-08-03 15:20:50,697.17,2026-08-03,696.0,2.19,2.22,2.19,96037,778,0.2405,0.6217,0.09842,-1.035,0.0611
2026-08-03 15:20:50,697.17,2026-08-03,697.0,1.59,1.61,1.6,82303,305,0.2349,0.5207,0.10558,-1.43,0.064
2026-08-03 15:20:50,697.17,2026-08-03,698.0,1.04,1.06,1.04,64688,774,0.2214,0.4105,0.10931,-1.05,0.0625
2026-08-03 15:20:50,697.17,2026-08-03,699.0,0.7,0.71,0.7,32622,494,0.2233,0.3077,0.09802,-0.705,0.0565
2026-08-03 15:20:50,697.17,2026-08-03,700.0,0.43,0.44,0.43,67646,5438,0.2211,0.2153,0.08233,-0.435,0.047
2026-08-03 15:20:50,697.17,2026-08-03,701.0,0.26,0.27,0.25,21334,697,0.2228,0.1445,0.06354,-0.265,0.0365
2026-08-03 15:20:50,697.17,2026-08-03,702.0,0.16,0.17,0.16,10965,705,0.2284,0.096,0.04641,-0.165,0.0274
2026-08-03 15:20:50,697.17,2026-08-03,703.0,0.07,0.08,0.08,11520,4585,0.2198,0.0508,0.02958,-0.075,0.0168
2026-08-03 15:20:50,697.17,2026-08-03,704.0,0.03,0.04,0.07,7127,2430,0.2176,0.0264,0.01748,-0.035,0.0098
2026-08-03 15:20:50,697.17,2026-08-03,705.0,0.06,0.07,0.06,8695,5612,0.271,0.0374,0.01875,-0.065,0.0131
2026-08-03 15:20:50,697.17,2026-08-03,706.0,0.05,0.06,0.05,2128,2676,0.2903,0.0305,0.01477,-0.055,0.0111
2026-08-03 15:20:50,697.17,2026-08-03,707.0,0.04,0.05,0.04,1749,2863,0.307,0.0243,0.01157,-0.045,0.0092
2026-08-03 15:20:50,697.17,2026-08-03,708.0,0.04,0.05,0.04,2278,1527,0.3329,0.0226,0.01005,-0.045,0.0086
2026-08-03 15:20:50,697.17,2026-08-03,709.0,0.01,0.02,0.01,1461,404,0.3081,0.0091,0.00494,-0.015,0.0039
2026-08-03 15:20:50,697.17,2026-08-03,710.0,0.03,0.04,0.03,3346,3272,0.3698,0.0165,0.00691,-0.035,0.0066
2026-08-03 15:20:50,697.17,2026-08-03,711.0,0.03,0.04,0.03,709,256,0.3941,0.0156,0.00617,-0.035,0.0063
2026-08-03 15:20:50,697.17,2026-08-03,712.0,0.03,0.04,0.02,171,1500,0.4183,0.0148,0.00556,-0.035,0.006
2026-08-03 15:25:51,697.18,2026-08-03,683.0,13.33,14.56,13.75,588,539,,,,,
2026-08-03 15:25:51,697.18,2026-08-03,684.0,12.93,13.69,13.27,1378,918,0.4726,0.9621,0.01096,-0.13,0.0131
2026-08-03 15:25:51,697.18,2026-08-03,685.0,12.24,12.74,12,2550,4939,0.5413,0.9242,0.01656,-0.31,0.0227
2026-08-03 15:25:51,697.18,2026-08-03,686.0,10.98,11.41,11.29,3830,663,,,,,
2026-08-03 15:25:51,697.18,2026-08-03,687.0,9.94,10.4,10.04,13188,925,,,,,
2026-08-03 15:25:51,697.18,2026-08-03,688.0,8.86,9.33,8.79,17233,640,,,,,
2026-08-03 15:25:51,697.18,2026-08-03,689.0,7.85,8.58,7.85,25734,456,0.2377,0.9854,0.00977,-0.035,0.0059
2026-08-03 15:25:51,697.18,2026-08-03,690.0,7.43,7.64,7.28,61322,3644,0.3796,0.8851,0.03209,-0.355,0.0309
2026-08-03 15:25:51,697.18,2026-08-03,691.0,6.14,6.63,6.17,71102,326,0.2902,0.9115,0.03471,-0.205,0.0255
2026-08-03 15:25:51,697.18,2026-08-03,692.0,5.49,5.67,5.49,95637,426,0.3147,0.8519,0.04615,-0.4,0.0368
2026-08-03 15:25:51,697.18,2026-08-03,693.0,4.57,4.75,4.57,114957,1311,0.2928,0.8175,0.05677,-0.48,0.0421
2026-08-03 15:25:51,697.18,2026-08-03,694.0,3.81,3.82,3.77,102710,1102,0.2807,0.7642,0.06889,-0.635,0.049
2026-08-03 15:25:51,697.18,2026-08-03,695.0,2.89,2.93,2.91,163581,2996,0.2483,0.7119,0.08631,-0.73,0.0543
2026-08-03 15:25:51,697.18,2026-08-03,696.0,2.2,2.21,2.2,98449,778,0.2416,0.6232,0.09871,-1.025,0.0605
2026-08-03 15:25:51,697.18,2026-08-03,697.0,1.54,1.56,1.54,89817,305,0.2283,0.5225,0.10957,-1.37,0.0634
2026-08-03 15:25:51,697.18,2026-08-03,698.0,1.02,1.03,1.02,71360,774,0.2187,0.4097,0.11159,-1.025,0.0619
2026-08-03 15:25:51,697.18,2026-08-03,699.0,0.64,0.65,0.6,35472,494,0.214,0.2993,0.10193,-0.645,0.0553
2026-08-03 15:25:51,697.18,2026-08-03,700.0,0.35,0.36,0.36,74238,5438,0.205,0.1963,0.08479,-0.355,0.0441
2026-08-03 15:25:51,697.18,2026-08-03,701.0,0.24,0.25,0.24,23753,697,0.2188,0.1386,0.06346,-0.245,0.0352
2026-08-03 15:25:51,697.18,2026-08-03,702.0,0.14,0.15,0.14,12579,705,0.2225,0.0887,0.04534,-0.145,0.0256
2026-08-03 15:25:51,697.18,2026-08-03,703.0,0.06,0.11,0.09,12431,4585,0.2273,0.0554,0.03091,-0.085,0.0178
2026-08-03 15:25:51,697.18,2026-08-03,704.0,0.07,0.08,0.07,8023,2430,0.2513,0.0456,0.02394,-0.075,0.0153
2026-08-03 15:25:51,697.18,2026-08-03,705.0,0.01,0.02,0.05,9377,5612,0.2172,0.0125,0.00936,-0.015,0.0052
2026-08-03 15:25:51,697.18,2026-08-03,706.0,0.04,0.05,0.03,2646,2676,0.283,0.0263,0.01353,-0.045,0.0097
2026-08-03 15:25:51,697.18,2026-08-03,707.0,0.04,0.05,0.04,2132,2863,0.3095,0.0243,0.01158,-0.045,0.0091
2026-08-03 15:25:51,697.18,2026-08-03,708.0,0.01,0.02,0.03,3309,1527,0.2877,0.0097,0.00567,-0.015,0.0041
2026-08-03 15:25:51,697.18,2026-08-03,709.0,0.01,0.04,0.02,1586,404,0.332,0.0135,0.00656,-0.025,0.0055
2026-08-03 15:25:51,697.18,2026-08-03,710.0,0.03,0.04,0.03,3410,3272,0.3729,0.0165,0.00692,-0.035,0.0065
2026-08-03 15:25:51,697.18,2026-08-03,711.0,0.03,0.04,0.03,709,256,0.3975,0.0156,0.00618,-0.035,0.0062
2026-08-03 15:25:51,697.18,2026-08-03,712.0,0.03,0.04,0.03,191,1500,0.4218,0.0148,0.00556,-0.035,0.0059
2026-08-03 15:30:52,696.58,2026-08-03,682.0,13.56,15.53,15.09,482,581,,,,,
2026-08-03 15:30:52,696.58,2026-08-03,683.0,12.73,14.4,13.75,588,539,,,,,
2026-08-03 15:30:52,696.58,2026-08-03,684.0,11.9,13.74,12.75,1382,918,0.5293,0.9368,0.01486,-0.245,0.0195
2026-08-03 15:30:52,696.58,2026-08-03,685.0,11.1,11.96,11.25,2552,4939,,,,,
2026-08-03 15:30:52,696.58,2026-08-03,686.0,10.03,10.69,10.97,3832,663,,,,,
2026-08-03 15:30:52,696.58,2026-08-03,687.0,8.94,9.73,9.2,13191,925,,,,,
2026-08-03 15:30:52,696.58,2026-08-03,688.0,7.91,8.87,8.68,17242,640,,,,,
2026-08-03 15:30:52,696.58,2026-08-03,689.0,7.36,7.83,7.49,25745,456,0.1887,0.9949,0.00496,-0.02,0.0023
2026-08-03 15:30:52,696.58,2026-08-03,690.0,6.74,6.91,6.79,61443,3644,0.3246,0.9028,0.03359,-0.25,0.0271
2026-08-03 15:30:52,696.58,2026-08-03,691.0,5.72,5.97,5.65,71444,326,0.2946,0.8873,0.04121,-0.27,0.0302
2026-08-03 15:30:52,696.58,2026-08-03,692.0,4.86,5.05,4.78,95797,426,0.2875,0.846,0.05235,-0.38,0.0374
2026-08-03 15:30:52,696.58,2026-08-03,693.0,4.13,4.16,4.1,115199,1311,0.2888,0.7864,0.06394,-0.57,0.0459
2026-08-03 15:30:52,696.58,2026-08-03,694.0,3.26,3.28,3.21,103081,1102,0.2651,0.7337,0.07858,-0.695,0.0518
2026-08-03 15:30:52,696.58,2026-08-03,695.0,2.47,2.5,2.5,164785,2996,0.2488,0.6586,0.09357,-0.91,0.0578
2026-08-03 15:30:52,696.58,2026-08-03,696.0,1.74,1.8,1.81,102019,778,0.2316,0.5653,0.10781,-1.195,0.062
2026-08-03 15:30:52,696.58,2026-08-03,697.0,1.2,1.21,1.21,97148,305,0.2226,0.4545,0.11295,-1.205,0.0625
2026-08-03 15:30:52,696.58,2026-08-03,698.0,0.81,0.82,0.82,77242,774,0.2239,0.3458,0.10451,-0.815,0.0581
2026-08-03 15:30:52,696.58,2026-08-03,699.0,0.46,0.51,0.51,39080,494,0.2166,0.2413,0.09132,-0.485,0.0491
2026-08-03 15:30:52,696.58,2026-08-03,700.0,0.26,0.27,0.27,78602,5438,0.2107,0.1535,0.07127,-0.265,0.0373
2026-08-03 15:30:52,696.58,2026-08-03,701.0,0.14,0.15,0.19,25069,697,0.211,0.0935,0.05024,-0.145,0.0263
2026-08-03 15:30:52,696.58,2026-08-03,702.0,0.11,0.12,0.12,12985,705,0.2324,0.071,0.03705,-0.115,0.0214
2026-08-03 15:30:52,696.58,2026-08-03,703.0,0.08,0.09,0.07,13250,4585,0.2483,0.0518,0.02711,-0.085,0.0167
2026-08-03 15:30:52,696.58,2026-08-03,704.0,0.06,0.07,0.06,9036,2430,0.2646,0.0389,0.02018,-0.065,0.0133
2026-08-03 15:30:52,696.58,2026-08-03,705.0,0.04,0.05,0.02,9933,5612,0.2753,0.0272,0.01446,-0.045,0.0099
2026-08-03 15:30:52,696.58,2026-08-03,706.0,0.04,0.05,0.04,3481,2676,0.3022,0.0251,0.01229,-0.045,0.0092
2026-08-03 15:30:52,696.58,2026-08-03,707.0,0.04,0.05,0.04,2550,2863,0.3287,0.0233,0.01062,-0.045,0.0087
2026-08-03 15:30:52,696.58,2026-08-03,708.0,0.03,0.04,0.03,3312,1527,0.3417,0.018,0.00821,-0.035,0.007
2026-08-03 15:30:52,696.58,2026-08-03,709.0,0.03,0.04,0.03,2276,404,0.3669,0.0169,0.00725,-0.035,0.0066
2026-08-03 15:30:52,696.58,2026-08-03,710.0,0.03,0.04,0.01,3427,3272,0.3918,0.0159,0.00645,-0.035,0.0063
2026-08-03 15:30:52,696.58,2026-08-03,711.0,0,0.04,0.03,709,256,0.4077,0.0134,0.00534,-0.03,0.0054
2026-08-03 15:35:54,696.58,2026-08-03,682.0,13.75,15.68,15.09,482,581,0.5323,0.9625,0.00984,-0.14,0.0128
2026-08-03 15:35:54,696.58,2026-08-03,683.0,12.78,14.95,13.75,588,539,0.5908,0.9325,0.01416,-0.29,0.0204
2026-08-03 15:35:54,696.58,2026-08-03,684.0,11.93,14.45,13,1382,918,0.6819,0.8851,0.01822,-0.615,0.0303
2026-08-03 15:35:54,696.58,2026-08-03,685.0,11.52,12.32,12.13,2554,4939,0.5459,0.9158,0.01813,-0.345,0.0241
2026-08-03 15:35:54,696.58,2026-08-03,686.0,10.32,10.81,10.84,3834,663,,,,,
2026-08-03 15:35:54,696.58,2026-08-03,687.0,9.35,9.91,10.01,13198,925,0.3086,0.9777,0.01103,-0.055,0.0083
2026-08-03 15:35:54,696.58,2026-08-03,688.0,8.44,9.07,8.96,17257,640,0.3677,0.9344,0.02224,-0.18,0.0199
2026-08-03 15:35:54,696.58,2026-08-03,689.0,7.59,8.18,8.21,25750,456,0.3867,0.8976,0.02956,-0.31,0.0279
2026-08-03 15:35:54,696.58,2026-08-03,690.0,6.76,7.01,7.07,61623,3644,0.349,0.8886,0.03483,-0.31,0.0296
2026-08-03 15:35:54,696.58,2026-08-03,691.0,5.85,6.05,6.16,71532,326,0.3301,0.8627,0.04261,-0.375,0.0343
2026-08-03 15:35:54,696.58,2026-08-03,692.0,5.05,5.25,5.21,95873,426,0.3391,0.8088,0.05145,-0.575,0.0425
2026-08-03 15:35:54,696.58,2026-08-03,693.0,4.12,4.18,4.18,115411,1311,0.2927,0.7855,0.06385,-0.575,0.0456
2026-08-03 15:35:54,696.58,2026-08-03,694.0,3.32,3.42,3.42,103341,1102,0.2869,0.7199,0.07516,-0.795,0.0526
2026-08-03 15:35:54,696.58,2026-08-03,695.0,2.59,2.62,2.62,165627,2996,0.272,0.6472,0.08746,-1.03,0.058
2026-08-03 15:35:54,696.58,2026-08-03,696.0,1.83,1.89,1.89,104786,778,0.2485,0.5616,0.1016,-1.285,0.0615
2026-08-03 15:35:54,696.58,2026-08-03,697.0,1.29,1.31,1.29,105210,305,0.2401,0.4575,0.10581,-1.3,0.0619
2026-08-03 15:35:54,696.58,2026-08-03,698.0,0.79,0.84,0.84,83701,774,0.226,0.3458,0.1045,-0.815,0.0576
2026-08-03 15:35:54,696.58,2026-08-03,699.0,0.47,0.48,0.48,43172,494,0.2166,0.2392,0.09174,-0.475,0.0485
2026-08-03 15:35:54,696.58,2026-08-03,700.0,0.31,0.32,0.32,83330,5438,0.2259,0.168,0.07122,-0.315,0.0392
2026-08-03 15:35:54,696.58,2026-08-03,701.0,0.14,0.15,0.15,25778,697,0.213,0.0935,0.05024,-0.145,0.0261
2026-08-03 15:35:54,696.58,2026-08-03,702.0,0.11,0.12,0.12,13556,705,0.2346,0.071,0.03704,-0.115,0.0212
2026-08-03 15:35:54,696.58,2026-08-03,703.0,0.07,0.08,0.08,13493,4585,0.2444,0.0475,0.02595,-0.075,0.0155
2026-08-03 15:35:54,696.58,2026-08-03,704.0,0.05,0.06,0.02,9687,2430,0.2592,0.0345,0.01886,-0.055,0.0119
2026-08-03 15:35:54,696.58,2026-08-03,705.0,0.01,0.02,0.02,10724,5612,0.2363,0.0118,0.00835,-0.015,0.0048
2026-08-03 15:35:54,696.58,2026-08-03,706.0,0.04,0.05,0.04,3524,2676,0.305,0.0251,0.01229,-0.045,0.0091
2026-08-03 15:35:54,696.58,2026-08-03,707.0,0.01,0.02,0.03,2552,2863,0.2841,0.01,0.00601,-0.015,0.0042
2026-08-03 15:35:54,696.58,2026-08-03,708.0,0.03,0.04,0.03,3313,1527,0.3449,0.018,0.00821,-0.035,0.0069
2026-08-03 15:35:54,696.58,2026-08-03,709.0,0.01,0.02,0.02,2377,404,0.3308,0.0087,0.00457,-0.015,0.0037
2026-08-03 15:35:54,696.58,2026-08-03,710.0,0.03,0.04,0.03,3447,3272,0.3955,0.0159,0.00645,-0.035,0.0062
2026-08-03 15:35:54,696.58,2026-08-03,711.0,0,0.03,0.01,710,256,0.3595,0.0056,0.00284,-0.01,0.0025
2026-08-03 15:40:55,697.1,2026-08-03,683.0,12.2,14.95,13.75,588,539,,,,,
2026-08-03 15:40:55,697.1,2026-08-03,684.0,11.41,14.51,13.18,1387,918,,,,,
2026-08-03 15:40:55,697.1,2026-08-03,685.0,10.15,12.26,12.37,2557,4939,,,,,
2026-08-03 15:40:55,697.1,2026-08-03,686.0,10.37,11.53,10.86,3834,663,,,,,
2026-08-03 15:40:55,697.1,2026-08-03,687.0,9.46,10.44,10.22,13201,925,,,,,
2026-08-03 15:40:55,697.1,2026-08-03,688.0,8.85,9.31,9.19,17260,640,,,,,
2026-08-03 15:40:55,697.1,2026-08-03,689.0,7.86,8.49,7.86,25851,456,0.2897,0.9659,0.01687,-0.075,0.0117
2026-08-03 15:40:55,697.1,2026-08-03,690.0,7.09,7.36,7.12,61854,3644,0.2928,0.9431,0.02522,-0.125,0.0177
2026-08-03 15:40:55,697.1,2026-08-03,691.0,6.35,6.5,6.31,71609,326,0.3387,0.8801,0.03814,-0.325,0.0309
2026-08-03 15:40:55,697.1,2026-08-03,692.0,5.45,5.61,5.41,95974,426,0.3288,0.8443,0.04696,-0.43,0.037
2026-08-03 15:40:55,697.1,2026-08-03,693.0,4.46,4.56,4.46,115555,1311,0.2804,0.83,0.05832,-0.41,0.0392
2026-08-03 15:40:55,697.1,2026-08-03,694.0,3.7,3.75,3.7,103585,1102,0.2828,0.7631,0.07052,-0.625,0.0478
2026-08-03 15:40:55,697.1,2026-08-03,695.0,2.81,2.83,2.84,166758,2996,0.2493,0.7094,0.08881,-0.72,0.053
2026-08-03 15:40:55,697.1,2026-08-03,696.0,2.08,2.15,2.08,106010,778,0.2418,0.6182,0.10188,-1.015,0.059
2026-08-03 15:40:55,697.1,2026-08-03,697.0,1.44,1.51,1.44,110525,305,0.2295,0.5139,0.11225,-1.375,0.0617
2026-08-03 15:40:55,697.1,2026-08-03,698.0,0.94,0.95,0.94,88847,774,0.2171,0.3971,0.11475,-0.945,0.0597
2026-08-03 15:40:55,697.1,2026-08-03,699.0,0.61,0.62,0.61,46957,494,0.219,0.2901,0.10102,-0.615,0.053
2026-08-03 15:40:55,697.1,2026-08-03,700.0,0.36,0.37,0.36,87776,5438,0.2169,0.1962,0.08243,-0.365,0.0428
2026-08-03 15:40:55,697.1,2026-08-03,701.0,0.17,0.22,0.2,26357,697,0.213,0.1204,0.06083,-0.195,0.031
2026-08-03 15:40:55,697.1,2026-08-03,702.0,0.09,0.14,0.11,13815,705,0.219,0.0758,0.0421,-0.115,0.0221
2026-08-03 15:40:55,697.1,2026-08-03,703.0,0.04,0.09,0.08,14162,4585,0.2239,0.0456,0.02766,-0.065,0.0148
2026-08-03 15:40:55,697.1,2026-08-03,704.0,0.01,0.06,0.05,9943,2430,0.2278,0.0262,0.01722,-0.035,0.0094
2026-08-03 15:40:55,697.1,2026-08-03,705.0,0.04,0.05,0.04,11443,5612,0.2658,0.0285,0.01585,-0.045,0.0101
2026-08-03 15:40:55,697.1,2026-08-03,706.0,0.04,0.05,0.04,4235,2676,0.2934,0.0261,0.01336,-0.045,0.0094
2026-08-03 15:40:55,697.1,2026-08-03,707.0,0.03,0.04,0.02,3082,2863,0.3084,0.02,0.01015,-0.035,0.0075
2026-08-03 15:40:55,697.1,2026-08-03,708.0,0.03,0.04,0.03,3357,1527,0.3344,0.0186,0.00881,-0.035,0.0071
2026-08-03 15:40:55,697.1,2026-08-03,709.0,0.03,0.04,0.02,2377,404,0.3602,0.0174,0.00773,-0.035,0.0067
2026-08-03 15:40:55,697.1,2026-08-03,710.0,0.03,0.04,0.01,3452,3272,0.3857,0.0164,0.00685,-0.035,0.0063
2026-08-03 15:40:55,697.1,2026-08-03,711.0,0,0.01,0.01,710,256,0.351,0.0058,0.00302,-0.01,0.0025
2026-08-03 15:40:55,697.1,2026-08-03,712.0,0,0.03,0.01,293,1500,0.3732,0.0054,0.0027,-0.01,0.0024
